city,block_x,block_y,lst,green_space_share,built_up_share,n_cells,population,water_share,street_tree_share,building_count,mean_building_height,block_area_km2,building_density_km2,heat_percentile,population_percentile,hotspot_score,hotspot,recommended_intervention,longitude,latitude
Amsterdam,1974,1625,29.824991,0.01994044921661228,0.3315697402828841,6,5916.0,0.016572885189130023,0.3748338022295095,4153.0,6.895521561069622,4.789388833647106,867.1252521456903,0.7978142076502732,0.8046448087431693,0.8012295081967213,True,Increase green space,4.545000893990644,52.239994040790144
Amsterdam,1975,1626,30.28833,0.0207785283575269,0.449696140598062,6,11738.0,0.02922824546915405,0.5193648534438228,7835.0,8.011620068939104,4.787935793052241,1636.4045673647806,0.8688524590163934,0.8989071038251366,0.8838797814207651,True,Increase green space,4.57499967370487,52.259998312906546
Amsterdam,1975,1627,29.946665,0.018272446817855968,0.39434990626475486,6,8548.0,0.05562587693140652,0.433258023600774,5227.0,7.698807655502391,4.7867485071201905,1091.97297335027,0.8183060109289617,0.8565573770491803,0.837431693989071,True,Increase green space,4.5749996737226315,52.28000258510074
Amsterdam,1975,1628,30.320002,0.027315783142461015,0.46977372429048697,5,8811.0,0.004359833789323941,0.5960490641917413,5497.0,7.178269335759782,4.0887516671360356,1344.420118292577,0.8702185792349727,0.8647540983606558,0.8674863387978142,True,Increase green space,4.572924220183005,52.29914618332684
Amsterdam,1976,1627,31.41833,0.019827902434705485,0.29699693858990656,6,9641.0,0.016026409743153638,0.33068491916298937,5668.0,7.768122132015531,4.7864815325619805,1184.1683628028507,0.9576502732240437,0.8811475409836066,0.9193989071038251,True,Increase green space,4.6049984534183945,52.280002585022935
Amsterdam,1976,1628,30.518332,0.00958797982035858,0.38829551084892516,6,5127.0,0.019777151277344595,0.4581883395934086,3784.0,7.114747554850648,4.784329011395469,790.9155058080552,0.8934426229508197,0.7868852459016393,0.8401639344262295,True,Increase green space,4.599999324646247,52.29999832626314
Amsterdam,1977,1623,30.956665,0.012467198693291659,0.5268515757295907,6,8845.0,0.221315856317194,0.6197437180755435,6330.0,7.675169196710942,4.790324898248166,1321.4135021018924,0.924863387978142,0.8661202185792349,0.8954918032786885,True,Increase green space,4.639995420417649,52.20999541744024
Amsterdam,1977,1626,33.210003,0.023828706076306005,0.8879501018052646,3,8175.0,0.023991106767213843,0.9930705344569956,5161.0,7.689515597752373,2.393552584240598,2156.209157041532,0.9972677595628415,0.8510928961748634,0.9241803278688525,True,Increase green space,4.634997217677018,52.26499587406336
Amsterdam,1977,1627,32.40167,0.03381722614627929,0.34630890697023403,6,8684.0,0.021575336725795067,0.4593238323539394,4801.0,7.437573422203708,4.786214095577207,1003.0892693321965,0.9863387978142076,0.860655737704918,0.9234972677595628,True,Increase green space,4.634997233114236,52.28000258494514
Amsterdam,1977,1628,30.587994,0.039861998980844374,0.34573757679006817,5,7152.0,0.02524595493954417,0.44438545347941083,3457.0,9.039505208333333,4.087236378649384,845.8037851831698,0.8989071038251366,0.8346994535519126,0.8668032786885246,True,Increase green space,4.627068909603921,52.30085121107562
Amsterdam,1977,1629,29.70667,0.02583801111189432,0.23655061917433817,6,5065.0,0.02573520141050177,0.3604010168740656,3031.0,5.44217965653897,4.78190874869315,633.8473106222162,0.773224043715847,0.7841530054644809,0.7786885245901639,True,Increase green space,4.624995205869098,52.3199958702346
Amsterdam,1977,1637,33.035004,0.1766160132851008,0.5218887194902174,4,14128.0,0.22139213091908572,0.6583225490618019,10018.0,8.568890442424848,3.387846554034178,2957.040657012866,0.9959016393442623,0.9153005464480874,0.9556010928961749,True,Targeted local cooling measures,4.614996194966428,52.45999678403882
Amsterdam,1978,1624,30.493338,0.008809392650525723,0.33102843934000287,6,4215.0,0.06180588441256133,0.31160927473491923,3417.0,5.5380522147257265,4.788915124887657,713.5227730894811,0.8900273224043715,0.7609289617486339,0.8254781420765027,True,Increase green space,4.664996012768757,52.22999953377593
Amsterdam,1978,1628,31.561666,0.1311080010140603,0.6366180460439289,6,22424.0,0.10864303519662348,0.8678189234091312,12641.0,8.003073575949367,4.782827390498402,2642.9973252040622,0.9631147540983607,0.9603825136612022,0.9617486338797814,True,Targeted local cooling measures,4.654993985059481,52.29999922641539
Amsterdam,1978,1629,30.268335,0.2135927326498852,0.5874778385877142,6,17530.0,0.07126477155444497,0.8984992386380108,9547.0,7.200365674769488,4.781640170956517,1996.5952390119357,0.8674863387978142,0.9357923497267759,0.9016393442622951,True,Targeted local cooling measures,4.654993984966063,52.319995870157015
Amsterdam,1978,1631,30.190002,0.13299188924015842,0.7145613341262279,5,25229.0,0.02603261601477641,0.9639013994751415,9382.0,9.33498663816141,4.084511408107408,2296.96995860448,0.8469945355191257,0.9699453551912568,0.9084699453551912,True,Targeted local cooling measures,4.657067171400287,52.35914537162532
Amsterdam,1978,1632,29.945,0.08185046529641635,0.8145540300184181,4,27446.0,0.03660245908416462,0.9963527862737132,13949.0,10.4322252491218,3.3902400419953755,4114.45792251044,0.8169398907103825,0.976775956284153,0.8968579234972678,True,Targeted local cooling measures,4.6449941855939345,52.372048373844635
Amsterdam,1978,1633,31.38833,0.06985048989197361,0.8353181690447764,6,32249.0,0.07784002016536283,0.967043067953005,15485.0,10.139792702615434,4.7795881818145345,3239.818873709165,0.953551912568306,0.9877049180327869,0.9706284153005464,True,Increase green space,4.644991957191658,52.38999556346296
Amsterdam,1978,1634,30.533335,0.06782223172715433,0.6619456633717502,6,31116.0,0.025770576140165532,0.8816421485625785,19693.0,7.862041168996188,4.778398428907187,4121.255331256201,0.8961748633879781,0.9849726775956285,0.9405737704918034,True,Increase green space,4.644991957081663,52.40999983565576
Amsterdam,1978,1635,29.90833,0.15095145060817652,0.5963687605434228,6,17572.0,0.0028981897159689337,0.800011856892902,10961.0,6.787447041636231,4.777208832807299,2294.436015592568,0.8073770491803278,0.9371584699453552,0.8722677595628415,True,Targeted local cooling measures,4.644991956924476,52.42999647939954
Amsterdam,1978,1637,30.941992,0.26724764253818417,0.39149884837378257,5,6090.0,0.25132702591946876,0.5373593006302883,4830.0,7.940868393782384,4.082053141735801,1183.2281041657757,0.9234972677595629,0.8101092896174863,0.8668032786885246,True,Expand street trees and shade,4.637071911784726,52.460844087776636
Amsterdam,1978,1638,32.24167,0.2296043997144354,0.6280836796959017,6,10008.0,0.01858157180424159,0.9031598397433617,6758.0,8.940412096056923,4.774323017911934,1415.4886409331461,0.98224043715847,0.8866120218579235,0.9344262295081968,True,Targeted local cooling measures,4.634997233285708,52.479999530513346
Amsterdam,1979,1628,32.126667,0.0821100102695945,0.8477616792395818,6,21819.0,0.04215578781242549,1.0,11440.0,8.874968531468532,4.7845793208708445,2391.0148066931406,0.976775956284153,0.9562841530054644,0.9665300546448088,True,Targeted local cooling measures,4.685000285600193,52.29999922667285
Amsterdam,1979,1629,29.751663,0.11713337373958553,0.36539457756227883,6,5771.0,0.07828212250162432,0.5765013356050405,3623.0,7.360107794361525,4.783391052189343,757.4124633489383,0.7827868852459017,0.8019125683060109,0.7923497267759563,True,Targeted local cooling measures,4.685000285569828,52.31999587041481
Amsterdam,1979,1632,30.036661,0.06112024787543433,0.4342515435844476,3,5426.0,0.0735114922344663,0.614597163395253,2923.0,7.049452429842574,2.390105470992657,1222.9585829892358,0.8292349726775956,0.7937158469945356,0.8114754098360656,True,Increase green space,4.674990720378129,52.3749964839044
Amsterdam,1979,1638,31.393326,0.08950568525799595,0.7806671236799619,6,14577.0,0.022241162592642014,0.921766217687981,9721.0,9.806109453759902,4.77405283340512,2036.2154209898933,0.9549180327868853,0.9166666666666666,0.9357923497267759,True,Targeted local cooling measures,4.664996012977622,52.479999530435826
Amsterdam,1979,1639,32.30167,0.10631290123629052,0.8359675689068227,6,29236.0,0.008749263261979855,0.9870258131854045,15414.0,8.650882963539638,4.772862046142302,3229.5088043574333,0.9849726775956285,0.98224043715847,0.9836065573770492,True,Targeted local cooling measures,4.664996013041677,52.49999617228659
Amsterdam,1980,1640,29.904999,0.05258380810435322,0.48061836564128463,6,14872.0,0.028722366046405434,0.6229307135338064,9817.0,6.562261613691932,4.771399215477055,2057.467748277373,0.8060109289617486,0.9207650273224044,0.8633879781420766,True,Increase green space,4.694995006908375,52.52000044440101
Amsterdam,1980,1641,29.731665,0.022317565126780525,0.24715895604217997,6,6318.0,0.002591305077051521,0.27597952343459203,4088.0,7.066691950085637,4.770298246962204,856.9694782927459,0.7759562841530054,0.8128415300546448,0.7943989071038251,True,Increase green space,4.685000285752148,52.53999708817319
Amsterdam,1980,1642,31.07,0.0563201605671458,0.5079780228018562,4,7874.0,0.006718811927244852,0.7255393402866943,6355.0,6.477911880409127,3.3847019220055046,1877.5656310185607,0.9357923497267759,0.8469945355191257,0.8913934426229508,True,Increase green space,4.687954957877107,52.5579572620229
Amsterdam,1980,1643,30.642004,0.01139291993062935,0.3784856878478825,5,5126.0,0.00428949463227524,0.4562155681863948,3883.0,5.427174864795262,4.075817012181998,952.6924266703589,0.9016393442622951,0.7855191256830601,0.8435792349726776,True,Increase green space,4.682922743473309,52.57084505059175
Amsterdam,1981,1626,30.884003,0.03985776796472705,0.7385187616051264,5,7809.0,0.07060991530073993,0.8896776861792983,5317.0,8.676893697083726,4.089891650298377,1300.0344396928217,0.9207650273224044,0.8456284153005464,0.8831967213114754,True,Increase green space,4.75291947597894,52.26914882560559
Amsterdam,1981,1632,30.938334,0.07433835168863814,0.3745620739954471,6,6950.0,0.03430344429003926,0.46648960467900213,4900.0,6.771738775510204,4.7773559391312,1025.671953781845,0.9221311475409836,0.8292349726775956,0.8756830601092895,True,Expand street trees and shade,4.734995815347779,52.379993427743244
Amsterdam,1982,1630,30.718332,0.03248735483560802,0.6679438552906766,6,15509.0,0.04182007621650554,0.8168381054447346,9108.0,8.408457230701659,4.781392563401212,1904.8843781864846,0.9084699453551912,0.9262295081967213,0.9173497267759563,True,Increase green space,4.774996624670665,52.340000142375786
Amsterdam,1982,1631,29.744,0.13508739007421916,0.29878069333672774,5,6027.0,0.03305717283676596,0.4915977467214591,3100.0,7.93406391220142,4.083619775939178,759.1304210703704,0.7800546448087432,0.8073770491803278,0.7937158469945356,True,Expand street trees and shade,4.76706866013502,52.360848045909954
Amsterdam,1982,1637,30.18833,0.050252239587520973,0.2680773712296093,6,6783.0,0.06157206423404101,0.28198569291883496,4763.0,6.5263997477931905,4.773835162648408,997.7303023084701,0.8456284153005464,0.825136612021858,0.8353825136612022,True,Increase green space,4.754992564182081,52.46999739315949
Amsterdam,1982,1638,31.465002,0.03769134328726236,0.6876519155521322,6,19382.0,0.03947190908846041,0.7574278375471231,12029.0,7.400039989789841,4.772643842688654,2520.4059629187623,0.9590163934426229,0.9439890710382514,0.9515027322404371,True,Increase green space,4.754992564026985,52.48999403690544
Amsterdam,1983,1624,30.083334,0.0987784823829057,0.6545740305868176,6,17767.0,0.04727636981638744,0.8033546381953962,10198.0,7.542130038246544,4.784952724367523,2131.2645259934047,0.8360655737704918,0.9385245901639344,0.8872950819672132,True,Targeted local cooling measures,4.8149976461944375,52.23999403975439
Amsterdam,1983,1626,29.927998,0.0018351525430840682,0.8147325911754137,5,7931.0,0.003312580462019632,0.8951414389051571,5473.0,9.645187283025763,4.0883715975996795,1338.6747924805193,0.8114754098360656,0.8483606557377049,0.8299180327868853,True,Increase green space,4.807071915185606,52.27085348449929
Amsterdam,1983,1630,30.063334,0.12525137884022414,0.7905051655306096,3,15955.0,0.03910396833989285,1.0,8102.0,9.014964206368798,2.3904121627148682,3389.3736512779024,0.8319672131147541,0.9289617486338798,0.880464480874317,True,Targeted local cooling measures,4.804995600278762,52.34499770475105
Amsterdam,1983,1631,31.28333,0.08862692370624077,0.660068489339817,6,39679.0,0.046202484072308043,0.9019028481918298,6758.0,10.337963894643387,4.780022368015377,1413.8009154977788,0.9480874316939891,0.9904371584699454,0.9692622950819673,True,Targeted local cooling measures,4.795000897457832,52.35999678417856
Amsterdam,1983,1632,30.22167,0.20086923290935335,0.4379560416687866,6,18071.0,0.04275011861219063,0.8793988025304621,6067.0,7.62771012574454,4.778832372355562,1269.5569811354317,0.8579234972677595,0.9398907103825137,0.8989071038251366,True,Targeted local cooling measures,4.795000897427003,52.37999342792267
Amsterdam,1983,1638,30.455002,0.025072590720525395,0.41497223781594966,6,9587.0,0.13576538890206266,0.4580260388434516,7103.0,8.666910397295013,4.772371692817241,1488.3585054136754,0.8852459016393442,0.8784153005464481,0.8818306010928962,True,Increase green space,4.784991342527271,52.489994036828016
Amsterdam,1983,1639,29.756006,0.04414475505827352,0.5023624221288372,5,5282.0,0.19208540336911062,0.615915215638044,3827.0,7.839629240073626,4.0779443782051885,938.4630208429581,0.7841530054644809,0.7909836065573771,0.787568306010929,True,Increase green space,4.787067895161304,52.50914868545082
Amsterdam,1984,1630,29.983328,0.11129040676432654,0.8028971224503895,3,19291.0,0.035370258949670615,1.0,2508.0,10.767276714513557,2.6956547599536407,930.3862042196872,0.825136612021858,0.9426229508196722,0.8838797814207651,True,Targeted local cooling measures,4.831853463521158,52.34870513285545
Amsterdam,1984,1632,31.011663,0.07625092217485878,0.7195395699483592,6,31610.0,0.06483870459356296,0.9736597400119257,6497.0,9.02520701862398,4.778560854286054,1359.6143688685306,0.930327868852459,0.9863387978142076,0.9583333333333333,True,Targeted local cooling measures,4.82499967712114,52.37999342784515
Amsterdam,1984,1635,32.5,0.008997375352735896,0.695394866137924,3,10832.0,0.1218198048256016,0.7655234235170881,4419.0,9.152312740439013,2.3866797905554127,1851.526131610491,0.9877049180327869,0.8934426229508197,0.9405737704918034,True,Increase green space,4.814997630774595,52.43499404180518
Amsterdam,1984,1636,32.148335,0.0352072030497886,0.777220018620453,6,28086.0,0.09613548920159347,0.9573388370143051,14757.0,8.82894626279054,4.77246620819444,3092.111993304819,0.9795081967213115,0.9795081967213115,0.9795081967213115,True,Increase green space,4.814997645705105,52.450000750819896
Amsterdam,1984,1637,30.111664,0.03790901507904464,0.5168492635606939,6,12582.0,0.19635193907192947,0.7137121449197771,8437.0,7.120799241076722,4.771275554980192,1768.29024079181,0.8387978142076503,0.9098360655737705,0.8743169398907105,True,Increase green space,4.8149976457044295,52.46999739267107
Amsterdam,1984,1638,30.209997,0.010661044697899856,0.4426287332598469,6,12393.0,0.10325529402467996,0.4882914790353506,7694.0,7.01003511053316,4.770084606406519,1612.9692940176535,0.855191256830601,0.9057377049180327,0.880464480874317,True,Increase green space,4.814997645612211,52.48999403641747
Amsterdam,1985,1622,31.514008,0.011958002294726105,0.60496998787817,5,8713.0,0.00018713057575646652,0.6604846346233746,5898.0,7.210305188199389,4.0900267425112204,1442.0443609077013,0.9617486338797814,0.8620218579234973,0.9118852459016393,True,Increase green space,4.872921798207151,52.20085195537038
Amsterdam,1985,1627,29.936666,0.06049828950791453,0.7115016129128681,6,21449.0,0.02688981929867924,0.9525288761810066,8927.0,9.548701691497703,4.783553690327317,1866.1858061823418,0.8142076502732241,0.953551912568306,0.8838797814207651,True,Increase green space,4.864993172533338,52.2899970910523
Amsterdam,1985,1630,30.96166,0.11121261624479967,0.7394695103621105,6,48779.0,0.08748639322424766,0.974108590206357,9259.0,13.841879252619075,4.780074665213078,1936.9990321243795,0.9262295081967213,0.994535519125683,0.9603825136612022,True,Targeted local cooling measures,4.8549984567940125,52.34999464887146
Amsterdam,1985,1631,32.169994,0.1352227342221669,0.7914449143360568,3,42976.0,0.06928889381317967,0.9925878392885842,6292.0,15.233703115066753,2.3895907031795054,2633.0869096653605,0.9808743169398907,0.9931693989071039,0.9870218579234973,True,Targeted local cooling measures,4.854998441978401,52.365001977120585
Amsterdam,1985,1632,31.023325,0.0828275461345283,0.8452079596257359,6,55002.0,0.05501426075331329,0.9952039957348773,8977.0,12.517319817310906,4.778288871247709,1878.7060058292209,0.9316939890710383,0.9959016393442623,0.9637978142076503,True,Targeted local cooling measures,4.854998456815349,52.37999342776765
Amsterdam,1985,1635,30.853333,0.10751119838009959,0.6299731872992388,6,28738.0,0.1122581303758181,0.8361416082178804,12142.0,9.1513860978422,4.772788772380501,2544.005314097316,0.9180327868852459,0.9808743169398907,0.9494535519125683,True,Targeted local cooling measures,4.844996424870049,52.439998613698776
Amsterdam,1986,1630,31.221664,0.1056716485401465,0.8503932223953692,6,62989.0,0.041040853990378705,1.0,13015.0,14.586913324112494,4.779802558797082,2722.9158191997467,0.9439890710382514,0.9986338797814208,0.9713114754098361,True,Targeted local cooling measures,4.884997236488844,52.34999464879395
Amsterdam,1986,1631,32.142,0.012110926509540465,0.8587566719862665,5,59512.0,0.1267500926739161,0.889150235712027,12126.0,17.25743443839683,4.084526732396308,2968.7649988486974,0.9781420765027322,0.9972677595628415,0.9877049180327868,True,Increase green space,4.887070876867795,52.36914962686694
Amsterdam,1986,1632,31.096659,0.08404679560419313,0.7827243597707135,3,42373.0,0.13045187120493504,0.9169283492633414,7284.0,15.470388522789676,2.693936151331449,2703.8502736599607,0.9371584699453552,0.9918032786885246,0.96448087431694,True,Targeted local cooling measures,4.87813723682316,52.38128078116172
Amsterdam,1986,1633,30.976664,0.023727318060172243,0.6997576689914174,3,10773.0,0.25621574646523937,0.7857719369106074,3178.0,9.785044052863435,2.694625171690969,1179.3848114339767,0.9289617486338798,0.8920765027322405,0.9105191256830601,True,Increase green space,4.884427440097426,52.40128619535206
Amsterdam,1986,1634,29.97167,0.0822321165048885,0.5608226123181316,6,13457.0,0.14423117925231502,0.7179344776580409,8338.0,7.50356405950096,4.7746697933844615,1746.298772650772,0.819672131147541,0.9139344262295082,0.8668032786885246,True,Targeted local cooling measures,4.879998107413326,52.42000107224956
Amsterdam,1987,1630,30.749994,0.06542602901058726,0.8302113436741393,6,65905.0,0.07523183319089168,0.9647168742480927,12733.0,12.089123537265372,4.779529986471407,2664.06948717575,0.9098360655737705,1.0,0.9549180327868853,True,Increase green space,4.914996016183697,52.34999464871646
Amsterdam,1987,1631,30.970001,0.06330358267676721,0.7026793254811404,5,38655.0,0.22020371992959795,0.8085081327088846,5675.0,15.163982378854627,4.083334745493032,1389.7954377274023,0.9275956284153005,0.9890710382513661,0.9583333333333333,True,Increase green space,4.9129200201566094,52.36914825741057
Amsterdam,1987,1632,29.747498,0.08865225618482418,0.6157035532362133,4,15981.0,0.2166135229312221,0.8318120856469183,6420.0,9.796526824703681,3.3887229292580328,1894.519007313965,0.7814207650273224,0.930327868852459,0.8558743169398907,True,Targeted local cooling measures,4.917947183065785,52.387944834440965
Amsterdam,1987,1633,30.352001,0.09815800904874472,0.7030059158087504,5,23858.0,0.09905373569981177,0.954989794571785,8063.0,8.95743239890846,4.081845937122239,1975.3317798379555,0.8729508196721312,0.9672131147540983,0.9200819672131147,True,Targeted local cooling measures,4.912919080113548,52.40084809309278
Amsterdam,1988,1627,29.576666,0.11934408227303862,0.7611538862463854,6,15006.0,0.028455753938624432,0.958962963471639,3364.0,8.32859690844233,4.780118242701511,703.7482817786566,0.755464480874317,0.9234972677595629,0.83948087431694,True,Targeted local cooling measures,4.954997034811168,52.299999225638054
Amsterdam,1988,1628,30.643332,0.16026555032540538,0.6802249464149449,3,15009.0,0.02677165430143912,1.0,2776.0,10.819380403458213,2.389613020171394,1161.6943733428823,0.9030054644808743,0.924863387978142,0.9139344262295082,True,Targeted local cooling measures,4.95499702021004,52.314998925180255
Amsterdam,1988,1629,31.12,0.13849101253397525,0.7672829265573123,5,22643.0,0.042095643833853794,1.0,6404.0,9.388385384134915,4.08474398689376,1567.7849139499967,0.9385245901639344,0.9631147540983607,0.9508196721311475,True,Targeted local cooling measures,4.94707166519752,52.33085031796773
Amsterdam,1989,1628,29.918,0.22345234618080453,0.5976105336001242,5,22918.0,0.06560823265497032,0.9636143548121799,5977.0,9.211665829566382,4.084077038144283,1463.4885542501472,0.8087431693989071,0.9644808743169399,0.8866120218579234,True,Targeted local cooling measures,4.98292260121038,52.31914588177971
Amsterdam,1989,1629,30.412498,0.14000351227553678,0.662285986765659,4,14877.0,0.0717747773246516,0.9237801322347039,4990.0,10.505190380761523,3.38993806826545,1472.0032931319195,0.8770491803278688,0.9221311475409836,0.8995901639344261,True,Targeted local cooling measures,4.972042755897382,52.3320504086757
Amsterdam,1989,1638,29.769989,0.10287555487981441,0.7913260482129199,2,9443.0,0.10579839690726599,0.9886934753489982,7028.0,7.892638019351167,1.6921151754453685,4153.381579448464,0.7882513661202186,0.875,0.8316256830601093,True,Targeted local cooling measures,4.959994317906554,52.494991407333856
Amsterdam,1989,1650,29.738327,0.018237997108725385,0.4129460489159029,6,6351.0,0.00034364671865752544,0.5435970704244871,4216.0,5.5527438879658195,4.757862804779932,886.1121417297793,0.7786885245901639,0.8142076502732241,0.7964480874316939,True,Increase green space,4.935000289151942,52.709995254188996
Amsterdam,1990,1639,30.023325,0.04968805366069451,0.6737121924765465,3,4476.0,0.03438383519578383,1.0,3232.0,8.016466584158417,2.383518930760244,1355.9783219213307,0.8278688524590164,0.7691256830601093,0.7984972677595629,True,Increase green space,4.984995798858505,52.51499587249383
Amsterdam,1991,1627,30.436666,0.045927852894440395,0.37943768380214765,6,8647.0,0.04367475196292228,0.488371801090304,5305.0,6.941706581180465,4.781321661319061,1109.5258540996106,0.8838797814207651,0.8592896174863388,0.8715846994535519,True,Increase green space,5.045000900735932,52.29999922573908
Amsterdam,1991,1628,30.193329,0.03790953991386096,0.41042620888479736,6,8962.0,0.028981906031562015,0.5840178004879308,5397.0,8.169387361312108,4.7802220193101705,1129.027057362251,0.8497267759562842,0.8688524590163934,0.8592896174863388,True,Increase green space,5.034991336780157,52.319995869510045
Amsterdam,1992,1646,29.844,0.0967685819250326,0.43064105274651876,5,7439.0,0.16158164737626865,0.6395004791095187,4565.0,6.534154250657318,4.071282452889166,1121.268311109309,0.8005464480874317,0.8401639344262295,0.8203551912568305,True,Targeted local cooling measures,5.032915595151096,52.64084348087496
Amsterdam,1993,1638,31.606668,0.056965217228159726,0.7157018472336824,3,11257.0,0.015316798678368278,0.9687858669533552,6802.0,7.421933254925022,2.6917125071102337,2527.0157871735287,0.9644808743169399,0.8961748633879781,0.930327868852459,True,Increase green space,5.068138143780541,52.50128242318734
Amsterdam,1993,1646,30.539988,0.07875578553687153,0.7975569853939345,3,9443.0,0.028178217890774723,1.0,7040.0,8.276898266552998,2.3792676372700314,2958.893690529783,0.8975409836065574,0.875,0.8862704918032787,True,Targeted local cooling measures,5.064997629260867,52.6450007547035
Amsterdam,1993,1647,30.156,0.08662189435579758,0.8330006681464905,5,16393.0,0.004702888452088512,1.0,11761.0,7.953860215968031,4.069217317694757,2890.236397269315,0.8415300546448088,0.9316939890710383,0.8866120218579235,True,Targeted local cooling measures,5.057073835901713,52.66084902692199
Amsterdam,1994,1625,29.563334,0.10786613305519728,0.3661211688282127,6,6077.0,0.011257658946594756,0.5787099520005408,4049.0,6.3963681345868375,4.782283992759517,846.666573154224,0.7520491803278688,0.8087431693989071,0.780396174863388,True,Targeted local cooling measures,5.13499723980792,52.27000044660959
Amsterdam,1994,1646,30.789999,0.05962085934453328,0.6507979410047711,3,4059.0,0.050672146372840975,0.8139439987179383,3042.0,7.1951347797501635,2.3791281039263126,1278.619673728262,0.9139344262295082,0.7540983606557377,0.8340163934426229,True,Increase green space,5.09499640844291,52.645000754704895
Amsterdam,1994,1647,30.526663,0.07282277344703368,0.7551102677391398,6,19390.0,0.025078821873311133,0.9872224198973217,13586.0,7.176125000000001,4.759463161658908,2854.5236171687498,0.894808743169399,0.9453551912568307,0.9200819672131149,True,Targeted local cooling measures,5.084994385455359,52.65999983115853
Amsterdam,1995,1625,31.068329,0.13821256088467146,0.7343431870761119,6,21738.0,0.0,0.9148953267214246,13737.0,8.197861250636967,4.782008433046725,2872.6423619558213,0.9344262295081968,0.9549180327868853,0.944672131147541,True,Cooling measures in dense built-up areas,5.164996019504469,52.27000044653197
Amsterdam,1996,1622,29.928335,0.1393989226965913,0.7496516848850795,6,23345.0,0.011460889138342182,0.8701338214873764,12908.0,8.895273546782716,4.7847108908433675,2697.7596545493257,0.8128415300546448,0.9658469945355191,0.889344262295082,True,Targeted local cooling measures,5.194994995176203,52.219997395363066
Amsterdam,1996,1623,29.736673,0.31505682901696114,0.6338594868864577,3,11800.0,0.006087852134664396,0.6911450752825999,8305.0,8.171248645394341,2.3919087893605133,3472.122363921902,0.7773224043715847,0.9002732240437158,0.8387978142076502,True,Targeted local cooling measures,5.1949949812498355,52.23499709492539
Amsterdam,1996,1630,30.818338,0.14903712115109305,0.7740284053473858,6,19801.0,0.028774387296958536,0.9428614520749748,12080.0,7.099466887417218,4.7764590669905065,2529.0701397366356,0.9166666666666666,0.9480874316939891,0.9323770491803278,True,Targeted local cooling measures,5.185000292276045,52.35999678316919
Amsterdam,1997,1628,30.414993,0.16584676314339392,0.5999430827724643,2,7375.0,0.16994709705541516,0.9357778603763816,2813.0,5.984788482047636,1.694913061138095,1659.672147497132,0.8784153005464481,0.837431693989071,0.8579234972677596,True,Targeted local cooling measures,5.219996454055402,52.33500300464727
Amsterdam,1997,1629,30.0775,0.21686760015133777,0.5417489942362741,4,9405.0,0.15005090787659808,0.8269297477159574,6413.0,5.423345811885821,3.3885382580357577,1892.5564687935498,0.8346994535519126,0.8729508196721312,0.8538251366120219,True,Targeted local cooling measures,5.212046888815621,52.34204819882831
Amsterdam,1997,1630,30.696003,0.19082645048998184,0.4464869915083316,5,11576.0,0.16753175263704037,0.6527775978912016,5538.0,6.411361748239118,4.081716354786772,1356.7821765727042,0.907103825136612,0.8975409836065574,0.9023224043715847,True,Targeted local cooling measures,5.212922913501884,52.3591451434001
Amsterdam,1998,1626,30.379995,0.22363338306707425,0.606107495323079,6,16635.0,0.0040081587802684475,0.7568770947216081,10781.0,7.126316815144766,4.780079168925734,2255.4019753657976,0.8743169398907104,0.9330601092896175,0.9036885245901639,True,Targeted local cooling measures,5.244997851592348,52.28999709007138
Amsterdam,1998,1627,32.883343,0.0997541227841413,0.6726765838352522,3,6974.0,0.07762414721345216,0.9935837665882623,5284.0,6.676283118849357,2.389592174217395,2211.255986277466,0.994535519125683,0.8319672131147541,0.9132513661202186,True,Targeted local cooling measures,5.2449978379148074,52.30500441882169
Amsterdam,1999,1632,30.200003,0.2082832588267426,0.6710902395660483,6,12898.0,0.033704584492719396,0.9260997318617293,7363.0,7.070938476164606,4.7713067180863415,1543.1831225792848,0.8524590163934426,0.912568306010929,0.8825136612021858,True,Targeted local cooling measures,5.2649945910453155,52.39999769857272
Amsterdam,2000,1632,29.789999,0.2500892796507452,0.6959979241563333,6,25255.0,0.03720330606603097,0.9538121856106182,14703.0,7.33120655648507,4.7730513859392305,3080.4193818891345,0.7923497267759563,0.9713114754098361,0.8818306010928962,True,Targeted local cooling measures,5.295000904062496,52.39999769882765
Amsterdam,2001,1649,30.493338,0.06533538404920299,0.4920742615684121,3,9740.0,0.17930743469958543,0.9355951692527554,6290.0,7.976624939817044,2.688209564092627,2339.8473407794436,0.8900273224043715,0.8838797814207651,0.8869535519125683,True,Increase green space,5.288137475046342,52.70871601374025
Athina,2758,880,44.15,0.6798177571528725,0.31473993819462526,5,4422.0,0.0,0.330206919622252,1589.0,9.2317476340694,4.6682507567603295,340.3844572185607,0.8062015503875969,0.7790697674418605,0.7926356589147288,True,Expand street trees and shade,23.59297261580957,37.97094966624407
Athina,2761,887,45.437996,0.251473837524834,0.7104906298368996,5,10158.0,0.0,0.6894408263946646,2854.0,8.288766643307639,4.666769310403957,611.55797730078,0.9651162790697675,0.8372093023255814,0.9011627906976745,True,Cooling measures in dense built-up areas,23.687022547443096,38.08095067621509
Athina,2761,888,44.240005,0.5656256885545236,0.3400952242054221,4,3613.0,0.0,0.3601287241430223,1291.0,5.2465654205607475,3.7782017269349057,341.6969482588568,0.8255813953488372,0.7674418604651163,0.7965116279069768,True,Expand street trees and shade,23.689996681867633,38.09999466126892
Athina,2762,880,44.180004,0.0037954868229898285,0.9653998267203031,3,19728.0,0.008253477336934127,0.9990274325691919,2972.0,12.861305518169583,2.889562116664911,1028.529541849835,0.812015503875969,0.877906976744186,0.8449612403100775,True,Increase green space,23.67826529992162,37.9584596127044
Athina,2762,881,44.899994,0.026001141992690963,0.9440275652244392,5,10121.0,0.0,1.0,2340.0,12.6707905982906,4.6704216885291014,501.02542255385885,0.9186046511627907,0.8352713178294574,0.876937984496124,True,Increase green space,23.687022266708517,37.970949173311006
Athina,2762,882,44.8275,0.005072058212887348,0.9775756046970558,4,21343.0,0.0,1.0,2713.0,10.347091780316992,3.7806380287362646,717.6037429076122,0.9127906976744186,0.8895348837209303,0.9011627906976745,True,Increase green space,23.689996681846992,37.9899978660765
Athina,2762,886,44.197502,0.340128755631499,0.6244400695698754,4,16520.0,0.0,0.6731409331575838,2775.0,9.746568132660418,3.7766694806779384,734.7743863203693,0.813953488372093,0.8624031007751938,0.8381782945736433,True,Cooling measures in dense built-up areas,23.704996065973308,38.06235252222989
Athina,2762,887,44.472496,0.051655368076435317,0.9311584033488821,4,18383.0,0.0,0.984266219965242,4332.0,8.893155586334258,3.7763330980925374,1147.1445678846856,0.872093023255814,0.874031007751938,0.873062015503876,True,Increase green space,23.70999332480947,38.0799980176251
Athina,2762,888,44.452507,0.6658294373625474,0.295791241367943,4,4778.0,0.0,0.282920294965853,1580.0,6.012811906269791,3.775890414734122,418.44434728152856,0.8662790697674418,0.7906976744186046,0.8284883720930232,True,Expand street trees and shade,23.709993324899308,38.099994660969976
Athina,2763,885,43.813995,0.23364325624246335,0.7372411296196097,5,32158.0,0.007071310332910079,0.9978340781667855,3636.0,10.783099559955994,4.668048379250235,778.9122358204867,0.7577519379844961,0.9341085271317829,0.8459302325581395,True,Targeted local cooling measures,23.722969667745705,38.04094851163929
Athina,2763,886,44.688,0.06797637320499884,0.8861012668780784,5,23270.0,0.0,0.9608222863123377,4376.0,10.108683729433272,4.666343443686686,937.7792382428462,0.8895348837209303,0.9069767441860465,0.8982558139534884,True,Increase green space,23.727018069472038,38.059048906411206
Athina,2763,888,44.9925,0.08552800229643785,0.8921035688906994,4,15691.0,0.0,0.9277109014999102,4178.0,8.902692675921493,3.7759790473251225,1106.4680040954322,0.9244186046511628,0.8565891472868217,0.8905038759689923,True,Cooling measures in dense built-up areas,23.73234826163465,38.09764464020883
Athina,2763,889,45.120003,0.06796579374659638,0.871158580803399,4,6853.0,0.0,0.9271490035156973,3166.0,8.308777637397347,3.775642626564355,838.5327514116188,0.9418604651162791,0.8042635658914729,0.873062015503876,True,Increase green space,23.73999210401681,38.10999679680412
Athina,2764,888,44.482002,0.10119648109705785,0.8138820227707579,5,11451.0,0.0,0.8737507917099266,3041.0,10.124692535350214,4.665307112784462,651.8327575191499,0.875968992248062,0.8488372093023255,0.8624031007751938,True,Cooling measures in dense built-up areas,23.757016928458462,38.089047844540126
Athina,2764,889,45.2875,0.2999606205599832,0.6444931196999603,4,6779.0,0.0,0.7004097000618525,2279.0,7.891548924967091,3.7756249940888083,603.6086750056074,0.9515503875968992,0.8023255813953488,0.876937984496124,True,Cooling measures in dense built-up areas,23.75999637642293,38.1099967968459
Athina,2769,882,44.25401,0.20273666983431138,0.5669953154659371,5,4510.0,0.0,0.6065823562465606,2270.0,4.769029255319149,4.668013748417559,486.28819929451197,0.8294573643410853,0.7810077519379846,0.805232558139535,True,Cooling measures in dense built-up areas,23.847017786370223,37.96904550300047
Athina,2770,878,43.754997,0.47901046323828456,0.21126261063809082,4,3418.0,0.0,0.30200390473024075,974.0,6.11441113490364,3.7814306347373488,257.5744722255502,0.751937984496124,0.7616279069767442,0.7567829457364341,True,Expand street trees and shade,23.854995292490045,37.89235566888869
Athina,2770,879,45.308002,0.18856284106257284,0.3393985496324438,5,2903.0,0.0,0.35434299219870313,1581.0,4.846449033977349,4.6722761953375205,338.37896860157474,0.9573643410852714,0.75,0.8536821705426356,True,Expand street trees and shade,23.857019778688393,37.90904357012423
Athina,2770,881,44.15167,0.13278543829741776,0.5506128552778456,6,8121.0,0.0,0.5806185144409195,2821.0,6.502574786324786,5.560417601400997,507.33599564342506,0.8081395348837209,0.8197674418604651,0.813953488372093,True,Cooling measures in dense built-up areas,23.86499246497979,37.94999712636418
Athina,2770,884,43.752003,0.17168252564621173,0.6623166122563262,5,12032.0,0.0,0.6663125184023605,2227.0,7.324062921348315,4.666979086110643,477.1823397768711,0.75,0.8507751937984496,0.8003875968992248,True,Cooling measures in dense built-up areas,23.87701664427061,37.9990475282078
Athina,2771,878,44.170002,0.3385762634122768,0.45034578105615736,5,4622.0,0.0,0.4909378101229624,1773.0,7.0175113636363635,4.670614942301529,379.6074011458377,0.810077519379845,0.7848837209302325,0.7974806201550387,True,Expand street trees and shade,23.877016366992358,37.88904636253876
Athina,2771,879,44.2275,0.15563446882144574,0.4471116252547229,4,7465.0,0.0,0.4617678777002318,1885.0,6.818590425531915,3.779929767089378,498.6865143400503,0.8197674418604651,0.812015503875969,0.8158914728682171,True,Expand street trees and shade,23.879991493378526,37.909996035556354
Athina,2772,882,44.241997,0.03472642371025489,0.4699673101988723,5,8017.0,0.0,0.4805914423954746,2404.0,7.593800084352594,4.669284577102689,514.8540339110563,0.8275193798449613,0.8178294573643411,0.8226744186046512,True,Increase green space,23.912969481373633,37.96095304820107
Athina,2774,878,44.264,0.12948990736589167,0.41355714707470204,5,8460.0,0.0,0.4036255919114141,2317.0,7.125044091710759,4.673028945356678,495.8240205856783,0.8313953488372093,0.8217054263565892,0.8265503875968992,True,Expand street trees and shade,23.94297127367479,37.880950155045944
Barcelona,1810,1025,40.67251,0.0928501399935916,0.4363787717130735,4,10436.0,0.0309762617876774,0.4489560518836198,395.0,6.950329949238578,3.7047194102427636,106.62076024108836,0.9504950495049505,0.8628005657708628,0.9066478076379066,True,Expand street trees and shade,1.66999330473171,41.20999524136326
Barcelona,1812,1025,40.0375,0.13865060410220736,0.6087183079214187,4,34364.0,0.034613267688712104,0.6706013102945034,4942.0,12.038675845312815,3.703364042697911,1334.4623815053676,0.9193776520509194,0.9490806223479491,0.9342291371994342,True,Targeted local cooling measures,1.7176994468239577,41.21769576380351
Barcelona,1812,1026,41.266,0.06096082523973464,0.5657335976530907,5,19459.0,0.0,0.6157072642475608,3929.0,9.240577755153984,4.553837070196079,862.7888831847964,0.9717114568599717,0.9137199434229137,0.9427157001414428,True,Increase green space,1.712964474474385,41.230934686186856
Barcelona,1813,1025,39.625,0.05244588730318226,0.7665649909992363,2,15995.0,0.0,0.875750364227279,1111.0,12.884144144144145,1.8509526799522782,600.231444073786,0.8882602545968883,0.900990099009901,0.8946251768033946,True,Increase green space,1.7399929799059928,41.2250024148529
Barcelona,1815,1027,38.694,0.10440599388379294,0.3139838516837857,5,9387.0,0.0,0.29510641662738735,542.0,7.468484288354898,4.553905283523068,119.01872486480197,0.7991513437057991,0.8514851485148515,0.8253182461103252,True,Expand street trees and shade,1.7829596076478782,41.259065130336865
Barcelona,1818,1040,38.643993,0.3009041389484617,0.3432738836975099,5,6405.0,0.0,0.38487096750222893,1191.0,8.1720756302521,4.5436854105192515,262.12202042920325,0.7892503536067893,0.8175388967468176,0.8033946251768034,True,Expand street trees and shade,1.822964839706343,41.499061483205615
Barcelona,1820,1040,38.512505,0.20047893541618184,0.3805498201421672,4,4974.0,0.0,0.4183522907424521,1461.0,7.093545516769336,3.6949047766741434,395.4093781315455,0.7736916548797736,0.7835926449787836,0.7786421499292786,True,Expand street trees and shade,1.869997881913078,41.499996153886414
Barcelona,1821,1041,40.260002,0.22159278128464782,0.4894410109020141,4,4232.0,0.0,0.48291239836835415,433.0,8.259093023255813,3.6967387401750593,117.1302681723987,0.9321074964639321,0.768033946251768,0.85007072135785,True,Expand street trees and shade,1.8899945249383117,41.52000042645724
Barcelona,1822,1039,39.475006,0.07941308277220424,0.6298221893278088,4,3989.0,0.017103457221829575,0.6950716482980588,709.0,9.762773826458037,3.697452072572525,191.7536687653963,0.8741159830268741,0.7595473833097596,0.8168316831683169,True,Targeted local cooling measures,1.9199933040862787,41.48999401837486
Barcelona,1825,1029,39.690002,0.0367576290267753,0.8440914087277642,6,63447.0,0.004234471140856108,0.9380120132385287,4288.0,12.494299043620247,5.398928615157223,794.2316532879605,0.8925035360678925,0.9702970297029703,0.9314002828854313,True,Increase green space,2.014994638525251,41.3100015000396
Barcelona,1825,1034,38.75833,0.08581924539781406,0.572569517607249,6,22713.0,0.06736453567684897,0.5768936540499395,3757.0,13.303395522388058,5.396847367025094,696.1471660205525,0.8048090523338048,0.9321074964639321,0.8684582743988685,True,Targeted local cooling measures,2.004992653502349,41.399997837468405
Barcelona,1826,1030,39.25,0.11438388700263113,0.7079686234332632,5,19606.0,0.0,0.7884705110909802,1563.0,11.833883183568677,4.549529859544763,343.551981908829,0.8585572842998586,0.9193776520509194,0.888967468175389,True,Cooling measures in dense built-up areas,2.037026247791527,41.3309339104586
Barcelona,1826,1031,38.553333,0.0992125989549847,0.5900256277704193,6,56772.0,0.008169246106625368,0.6850603571841791,3051.0,12.439875328083989,5.399251722028581,565.0783028974416,0.7772277227722773,0.9674681753889675,0.8723479490806223,True,Targeted local cooling measures,2.0349914901461665,41.349994786140634
Barcelona,1826,1033,39.197502,0.0296531681931799,0.39249664700758574,4,4222.0,0.07394261875005903,0.47572364558321095,366.0,8.783135593220338,3.699816362183717,98.92382869077814,0.8500707213578501,0.7666195190947667,0.8083451202263083,True,Increase green space,2.0299940333758544,41.389995544188444
Barcelona,1826,1034,38.410004,0.1694738777203711,0.37382686335902116,2,5765.0,0.0003693812762929153,0.4839527804126993,312.0,11.483202614379085,1.849720714365322,168.67411257112605,0.7595473833097596,0.8033946251768034,0.7814710042432815,True,Expand street trees and shade,2.0299940145111943,41.40499509068172
Barcelona,1826,1038,38.79001,0.17472510940513342,0.6334333835289617,4,7885.0,0.022816086118063572,0.7449824210960867,1396.0,9.84805734767025,3.695214710281683,377.7858959360941,0.8104667609618105,0.8330975954738331,0.8217821782178218,True,Targeted local cooling measures,2.019991897122795,41.47999951112192
Barcelona,1826,1042,38.387497,0.14959863484305005,0.6296314666621983,4,24299.0,0.010413616863402739,0.7100178175724126,2865.0,12.441892081289419,3.6934771850855808,775.6918092167979,0.7581329561527581,0.9335219236209336,0.8458274398868458,True,Targeted local cooling measures,2.009997390386544,41.54999920504166
Barcelona,1826,1043,38.798004,0.08166947045170493,0.8265418922735985,5,73281.0,0.004262287951573428,0.8906748140185439,8351.0,12.939980824544582,4.540723447484452,1839.1342473469576,0.8118811881188119,0.9801980198019802,0.8960396039603961,True,Targeted local cooling measures,2.0070275681973717,41.56906305641157
Barcelona,1827,1032,39.728333,0.04763738193360074,0.6398495788746373,6,34439.0,0.005912603027126578,0.7615188428983704,1776.0,14.078497175141242,5.398203031996005,328.9983702860686,0.8967468175388967,0.9504950495049505,0.9236209335219236,True,Increase green space,2.054995761844384,41.36999905833611
Barcelona,1827,1033,39.135998,0.05142550401913141,0.585038302796669,5,37689.0,0.0,0.7054087325058156,1400.0,14.97858073859522,4.548560297259582,307.7896979498045,0.8415841584158416,0.9533239038189534,0.8974540311173975,True,Increase green space,2.052963564122535,41.389061819907646
Barcelona,1827,1038,39.509995,0.07413522463272271,0.7552843064560937,4,28641.0,0.016596124355767777,0.9231527129475127,1308.0,10.260053516819571,3.695189065865103,353.97376878029274,0.8769448373408769,0.9434229137199435,0.9101838755304101,True,Targeted local cooling measures,2.039996169527541,41.479999511081466
Barcelona,1827,1039,39.024994,0.08595894437056747,0.7167065602815744,4,27498.0,0.010621342216656796,0.80499640782143,3096.0,13.462254521963825,3.694689091622502,837.9595476707376,0.830975954738331,0.9405940594059405,0.8857850070721358,True,Targeted local cooling measures,2.039996169588965,41.49999615354162
Barcelona,1827,1042,40.4125,0.09240064827403521,0.8013181239803748,4,22686.0,0.02772479409399263,0.8123732107430559,810.0,12.80079306071871,3.6958123721027856,219.16697019419817,0.9363507779349364,0.9306930693069307,0.9335219236209336,True,Targeted local cooling measures,2.029994033407514,41.54999920527787
Barcelona,1827,1043,39.975006,0.03693757566765604,0.8924443033830172,4,64048.0,0.03092000293678061,0.969129321070641,3210.0,12.510121495327102,3.695311286859508,868.668361286566,0.9137199434229137,0.9717114568599717,0.9427157001414428,True,Increase green space,2.029994033353893,41.56999584869708
Barcelona,1828,1029,38.88333,0.0859925101787002,0.7203331184849997,6,48248.0,0.0,0.8278782053149824,891.0,13.906621773288439,5.4006257973243015,164.98088063080377,0.8189533239038189,0.9603960396039604,0.8896746817538896,True,Cooling measures in dense built-up areas,2.0849945405186583,41.319996007011476
Barcelona,1828,1030,38.439995,0.035739163931590504,0.4144968752244546,5,5254.0,0.020027561694673818,0.4111110927302072,361.0,10.93112676056338,4.550377866111152,79.33407084465233,0.7609618104667609,0.7920792079207921,0.7765205091937766,True,Increase green space,2.0829624881944957,41.33906752994214
Barcelona,1828,1031,39.655014,0.10846404873533577,0.8741229926022402,2,27408.0,0.0,1.0,1423.0,14.920393534785665,1.8503147841506709,769.0583311494123,0.8910891089108911,0.9391796322489392,0.9151343705799151,True,Cooling measures in dense built-up areas,2.0799970662498457,41.35499203900412
Barcelona,1828,1032,39.490005,0.044527879413319565,0.9037378343004514,4,80045.0,0.0,1.0,2043.0,16.371140479686733,3.700254433026379,552.1241949649021,0.8755304101838756,0.9844413012729845,0.92998585572843,True,Increase green space,2.0799970849319327,41.369998901625536
Barcelona,1828,1038,39.099995,0.11617490292223509,0.635777241497212,6,24596.0,0.0,0.9225901063123016,1437.0,11.313340292275575,5.390313745800806,266.58930588585133,0.8373408769448374,0.9349363507779349,0.8861386138613861,True,Cooling measures in dense built-up areas,2.064997689569669,41.479999667074345
Barcelona,1829,1029,38.445007,0.09339747235270215,0.45965722268135223,4,15268.0,0.09753290845186943,0.4621691175293476,336.0,8.803483483483483,3.701467145141923,90.7748162619763,0.7637906647807637,0.8981612446958982,0.830975954738331,True,Expand street trees and shade,2.109995864134963,41.319995850124265
Barcelona,1829,1030,39.145996,0.026463692711224902,0.8050114181130283,5,4716.0,0.019736299118480023,0.7038193610484994,562.0,12.0375935828877,4.5502097861874775,123.5107888225276,0.8444130127298444,0.7779349363507779,0.8111739745403111,True,Increase green space,2.107031035476294,41.34093299528032
Barcelona,1829,1031,39.742004,0.026958458308468835,0.9462555016058974,5,85355.0,0.0,0.9966713260877951,3048.0,18.82382217847769,4.549585103148736,669.9512001414151,0.8981612446958982,0.9872701555869873,0.9427157001414428,True,Increase green space,2.1070305139475183,41.35906286007259
Barcelona,1829,1032,38.86667,0.07858887658316122,0.7571658997577094,3,77381.0,0.0,1.0,1185.0,17.539248945147676,2.8488680720829085,415.9546774426815,0.8175388967468176,0.9816124469589816,0.8995756718528995,True,Cooling measures in dense built-up areas,2.0982394234367074,41.371488065689
Barcelona,1829,1038,38.850006,0.11125171229689564,0.6335832828081782,4,25276.0,0.0,0.7959006038688882,1421.0,13.062575650950034,3.6951245312681937,384.5607875933487,0.8147100424328148,0.9363507779349364,0.8755304101838756,True,Cooling measures in dense built-up areas,2.089999221144927,41.479999510980406
Barcelona,1829,1041,39.21333,0.10564951038268554,0.6597955050841872,3,19167.0,0.0,0.9344663162609033,955.0,10.550020986358867,2.848062142961681,335.3157171658136,0.8543140028288543,0.9123055162659123,0.8833097595473833,True,Cooling measures in dense built-up areas,2.0817541922966347,41.53850919620487
Barcelona,1830,1031,39.207497,0.021543709950749657,0.958662221540261,4,79247.0,0.0,1.0,2038.0,19.219759568204122,3.698072580533796,551.0978910278246,0.8514851485148515,0.983026874115983,0.9172560113154172,True,Increase green space,2.129992507198858,41.35999676460135
Barcelona,1830,1032,38.909996,0.0287024129578499,0.920134659159701,5,176429.0,0.0,1.0,5625.0,18.85514311111111,4.546428365957763,1237.2349341558408,0.8217821782178217,1.0,0.9108910891089108,True,Increase green space,2.127027100265825,41.37906056789456
Barcelona,1830,1039,39.799995,0.31090851635280786,0.49165537126990005,4,11304.0,0.0053711887742396115,0.5172233138954301,511.0,12.676168958742632,3.6969629967736357,138.22156198099714,0.9052333804809052,0.8755304101838756,0.8903818953323903,True,Expand street trees and shade,2.109995864226859,41.49999615367645
Barcelona,1830,1040,41.817497,0.0711698215306886,0.7836091344787877,4,26210.0,0.0029433971558425706,0.9099170520435628,1964.0,11.609046404895462,3.696461672521294,531.3189135978215,0.9900990099009901,0.9377652050919377,0.963932107496464,True,Targeted local cooling measures,2.109995864230784,41.52000042600979
Barcelona,1830,1041,40.80334,0.014267132250660142,0.9404648704133195,6,64247.0,0.0009419638494988615,0.9697578757097788,4989.0,13.945935057125677,5.389570422766719,925.6767439062262,0.9547383309759547,0.9731258840169731,0.963932107496464,True,Increase green space,2.104998398749842,41.539997225367195
Barcelona,1830,1042,38.94751,0.13189556550073336,0.6378201042628725,4,37600.0,0.012674781120801133,0.8162320711284865,4464.0,12.953020389872284,3.6944091728939568,1208.3122878625804,0.826025459688826,0.9519094766619519,0.888967468175389,True,Targeted local cooling measures,2.104996386389526,41.557709686592226
Barcelona,1831,1031,38.354004,0.3068350441070017,0.531703853463998,5,18049.0,0.005585832832458704,0.9885095041552777,1044.0,15.695450191570881,4.547126666475758,229.5955394638589,0.751060820367751,0.9080622347949081,0.8295615275813295,True,Targeted local cooling measures,2.1529622320173347,41.359062403518806
Barcelona,1831,1032,38.6075,0.03053065431343495,0.9686270627520673,4,149018.0,0.0,1.0,3586.0,21.425925822643613,3.697547376914307,969.8320628396124,0.7835926449787836,0.9957567185289957,0.8896746817538896,True,Increase green space,2.1499967795508117,41.379993407978276
Barcelona,1831,1033,38.859993,0.020938029374061307,0.9790619706259386,4,129732.0,0.0,1.0,6254.0,17.510001598976654,3.6970473833523356,1691.6201907937468,0.8161244695898161,0.9915134370579916,0.9038189533239038,True,Increase green space,2.1499967795546646,41.39999768031233
Barcelona,1831,1034,38.655,0.13100886346157642,0.845758923344587,4,69829.0,0.0,1.0,3223.0,17.32182438721688,3.697862800436961,871.5845270460418,0.7920792079207921,0.9759547383309759,0.884016973125884,True,Cooling measures in dense built-up areas,2.14228687917833,41.41229817980786
Barcelona,1831,1038,38.384003,0.12269258268850092,0.731190511056775,5,45789.0,0.00143082292619659,0.8888355229249371,2625.0,12.505882577201678,4.544648844338942,577.6023824744657,0.7567185289957568,0.958981612446959,0.8578500707213579,True,Targeted local cooling measures,2.1370296904988115,41.48906233161246
Barcelona,1831,1039,40.002495,0.10273353536061036,0.6828267851827562,4,9941.0,0.0032325593652462754,0.6351291216746764,1440.0,9.948652777777777,3.695622870827278,389.6501483869351,0.9165487977369166,0.8585572842998586,0.8875530410183876,True,Targeted local cooling measures,2.132290432048715,41.50229287657491
Barcelona,1831,1040,39.980003,0.07125974316438088,0.7020665916345632,4,33122.0,0.011788798228415096,0.7483478768557805,1769.0,12.897942340305256,3.6940712226304147,478.87544483789327,0.9151343705799151,0.9476661951909476,0.9314002828854313,True,Targeted local cooling measures,2.1299925072300705,41.520000425692736
Barcelona,1831,1041,40.017494,0.15797817912337522,0.4716968635172749,4,9329.0,0.009387998596249126,0.6315750921652843,803.0,13.054094881398251,3.6935704681195136,217.4048138328404,0.917963224893918,0.8472418670438473,0.8826025459688827,True,Targeted local cooling measures,2.1299925071771426,41.53999706911203
Barcelona,1832,1033,38.922493,0.01303949000028977,0.9869605099997105,4,137045.0,0.0,1.0,4812.0,20.02146924355777,3.6993910523205886,1300.7546193261953,0.8246110325318247,0.9929278642149929,0.9087694483734088,True,Increase green space,2.169993422575676,41.39999768054946
Barcelona,1832,1034,39.246674,0.07629590736255672,0.904522215698696,3,101497.0,0.0,1.0,3677.0,18.16480554800109,2.8495076550229474,1290.3983582982826,0.8571428571428571,0.9886845827439887,0.922913719943423,True,Cooling measures in dense built-up areas,2.17174963916951,41.41851229915155
Barcelona,1832,1038,38.695,0.09830237771427565,0.7479932821013586,4,27658.0,0.01719826796047049,0.8286383732760547,2565.0,12.014315789473685,3.6947829655133946,694.2221028789414,0.8005657708628006,0.942008486562942,0.8712871287128713,True,Targeted local cooling measures,2.159991286379987,41.489994017611416
Barcelona,1832,1039,40.196667,0.203493375276092,0.34421753221039736,3,10524.0,0.0,0.4279951893587224,427.0,11.213098591549295,2.847203615171266,149.9717117963532,0.925035360678925,0.8656294200848657,0.8953323903818953,True,Expand street trees and shade,2.1617462444339455,41.50851147480955
Barcelona,1832,1042,41.1625,0.14594119199325928,0.32467803508116333,4,7621.0,0.0026995783506705293,0.38621731690669714,590.0,7.914397283531409,3.6930427564730555,159.7598616928725,0.9660537482319661,0.8288543140028288,0.8974540311173975,True,Expand street trees and shade,2.149996779585782,41.56000134140533
Barcelona,1832,1045,39.582,0.08083723102535448,0.4298636579143541,5,6235.0,0.0026773721647386783,0.46544834063515683,880.0,9.037875288683603,4.539996964070916,193.83272873621556,0.884016973125884,0.8132956152758133,0.8486562942008486,True,Expand street trees and shade,2.142958633888772,41.610929394387504
Barcelona,1833,1034,38.714,0.02233473437834833,0.9373807582356998,5,150390.0,0.0,1.0,3987.0,20.249089541008274,4.547168192781434,876.8094407260561,0.801980198019802,0.9971711456859972,0.8995756718528995,True,Increase green space,2.1929628379244224,41.4190698776929
Barcelona,1833,1035,38.81667,0.042328511017355575,0.9046188261852013,3,50561.0,0.0,0.9208838323639356,3379.0,16.7733234684818,2.8492445291697996,1185.9283980039993,0.8132956152758133,0.9646393210749646,0.888967468175389,True,Increase green space,2.191754073444105,41.438506992100756
Barcelona,1833,1040,40.543335,0.0502035931416863,0.5094417584822306,3,14852.0,7.91084316179864e-06,0.5833719162514246,898.0,9.457327394209354,2.846939830285769,315.42640643369725,0.9434229137199435,0.8939179632248939,0.9186704384724187,True,Increase green space,2.181750679359287,41.52851607247505
Barcelona,1833,1041,42.64333,0.07141775712840549,0.5824266307990161,3,5848.0,0.027678324698931334,0.5540278780856444,421.0,10.328123515439431,2.846689397032671,147.89109076629205,1.0,0.8076379066478077,0.9038189533239038,True,Targeted local cooling measures,2.1782399108724864,41.54148354926141
Barcelona,1833,1043,40.512005,0.07701637177157185,0.47590918170483887,5,7861.0,0.023289180538076062,0.5209932953882607,1587.0,6.440227416298168,4.5411919860488945,349.46771791975783,0.9391796322489392,0.8316831683168316,0.8854314002828854,True,Expand street trees and shade,2.172958085270125,41.5790654501679
Barcelona,1833,1046,38.47,0.1371177748009746,0.3900490259263818,5,11139.0,0.0,0.41199367564546296,1062.0,9.530076263107722,4.538023160885732,234.02260463402277,0.7652050919377652,0.8727015558698727,0.8189533239038189,True,Expand street trees and shade,2.162960267871947,41.63092603084642
Barcelona,1834,1035,38.583332,0.020341731753966138,0.8916409529171015,6,151068.0,0.015955298858920997,0.9166966696279851,7849.0,16.743744426041534,5.39429361492746,1455.0561315905584,0.7807637906647807,0.9985855728429985,0.8896746817538896,True,Increase green space,2.214999011178522,41.4399987513009
Barcelona,1834,1040,40.252003,0.1346720797680305,0.5396909281122226,5,10551.0,0.0,0.586842098415923,1345.0,11.158346984363366,4.540647557245989,296.21325659897167,0.9292786421499293,0.867043847241867,0.8981612446958982,True,Cooling measures in dense built-up areas,2.202964761362615,41.529070670974406
Barcelona,1834,1041,41.483337,0.07500029423186876,0.26943524275195846,3,12802.0,0.0,0.27026140096838863,658.0,12.804072948328267,2.8466760050334328,231.14678271659233,0.9787835926449788,0.8868458274398868,0.9328147100424329,True,Expand street trees and shade,2.2017551141093112,41.5485107717033
Barcelona,1834,1044,38.474995,0.35726354410458744,0.4021957297391181,6,5586.0,0.0016856892699804527,0.4269791220393739,2546.0,6.805400943396226,5.386322787200739,472.6786901910034,0.768033946251768,0.8005657708628006,0.7842998585572842,True,Expand street trees and shade,2.1949951455804357,41.59999478307602
Barcelona,1835,1035,38.472504,0.03841369771656212,0.6492588639857956,4,39833.0,0.06005890855207057,0.773774864760114,2537.0,14.938230193141505,3.6959290329321632,686.4309291099328,0.7666195190947667,0.9547383309759547,0.8606789250353607,True,Increase green space,2.239993117256347,41.43999859492454
Barcelona,1835,1040,39.92199,0.14686708531740128,0.6963612577527943,5,20914.0,0.0,0.7735430809486765,2565.0,12.196908382066276,4.54165861804369,564.7716430753812,0.9123055162659123,0.9278642149929278,0.92008486562942,True,Cooling measures in dense built-up areas,2.227029320743482,41.53093579208981
Barcelona,1835,1041,40.76167,0.06784094796296854,0.6769761235455607,6,19765.0,0.0,0.7509738043587908,2978.0,11.61142713230356,5.388751832949401,552.632611839923,0.9519094766619519,0.9207920792079208,0.9363507779349364,True,Increase green space,2.224993924310486,41.54999936047502
Barcelona,1835,1042,40.92,0.03011536573709119,0.4628142818970373,2,7363.0,0.0,0.491253465741867,1057.0,7.794427625354777,1.8475945378795229,572.0952180412456,0.9575671852899575,0.8274398868458275,0.8925035360678926,True,Increase green space,2.219996455821613,41.56499875249816
Barcelona,1835,1043,40.41249,0.1583829311677211,0.5238464613768541,4,4584.0,0.0,0.5607936155765713,1511.0,8.089655400927768,3.6948123788597385,408.95175317841495,0.9349363507779349,0.7736916548797736,0.8543140028288543,True,Cooling measures in dense built-up areas,2.219996474284025,41.57999798399709
Barcelona,1835,1044,38.997498,0.33196374634008435,0.46604770277494323,4,4208.0,0.0,0.5101169807031147,2040.0,8.247950980392156,3.694310054171213,552.2005381482948,0.8288543140028288,0.7652050919377652,0.7970297029702971,True,Expand street trees and shade,2.2199964742316634,41.59999462741779
Barcelona,1836,1036,39.70334,0.2716520151038841,0.5657332908728883,3,22071.0,0.020453173542895744,0.7525276632306057,1886.0,12.727766578249337,2.8476382427643956,662.3032278738931,0.8939179632248939,0.9292786421499293,0.9115983026874116,True,Targeted local cooling measures,2.2582423270917795,41.46148288827588
Barcelona,1836,1041,40.042496,0.15482362824957752,0.6683449469129858,4,8522.0,0.0,0.6813105819802153,1126.0,9.45224,3.695525906828797,304.69276319219273,0.9207920792079208,0.8387553041018387,0.8797736916548797,True,Cooling measures in dense built-up areas,2.2499952534904955,41.5499992048308
Barcelona,1836,1042,41.851673,0.0641041423188608,0.47751203460439934,6,8152.0,0.0,0.6617225902525966,711.0,9.511661971830986,5.387694732149859,131.96738778781713,0.9915134370579916,0.8359264497878359,0.9137199434229137,True,Increase green space,2.2449977912051318,41.56999600394877
Barcelona,1837,1037,38.3675,0.36577173981837696,0.41118568340786993,4,9173.0,0.0,0.4443639714793129,711.0,8.241777150916784,3.697243468886844,192.30543132558861,0.7538896746817539,0.8444130127298444,0.7991513437057991,True,Expand street trees and shade,2.2799940326335992,41.47999951087279
Barcelona,1837,1041,40.657997,0.12851470093777,0.5266334875740675,5,13559.0,0.0,0.5652543665673744,885.0,10.805698070374573,4.54093777587716,194.89366374967491,0.9476661951909476,0.8896746817538896,0.9186704384724187,True,Cooling measures in dense built-up areas,2.272961692488382,41.54906497388468
Barcelona,1837,1045,39.108337,0.2243158086786162,0.42573790816268503,6,11479.0,0.0,0.4525043169087435,1733.0,8.795182397220614,5.382763716507371,321.953570929631,0.8387553041018387,0.8783592644978784,0.8585572842998586,True,Expand street trees and shade,2.2649946362860964,41.61999905468913
Barcelona,1838,1043,40.987495,0.038376821228595634,0.4098827905141848,4,8354.0,0.0,0.40790527065793947,1028.0,10.531180487804876,3.692100693790003,278.4322761643699,0.958981612446959,0.8373408769448374,0.8981612446958982,True,Increase green space,2.2899961688465256,41.59000012022869
Barcelona,1838,1044,39.36,0.12158962603372084,0.8024007339873146,4,60670.0,0.0,0.9091293510998507,4820.0,14.439203319502075,3.6915985618971536,1305.6674281298203,0.8656294200848657,0.9688826025459689,0.9172560113154173,True,Cooling measures in dense built-up areas,2.289996168906151,41.609996762685604
Barcelona,1838,1045,40.585007,0.07155136642837026,0.7138472064620129,2,8803.0,0.0,0.7875741510195002,470.0,11.018893617021277,1.8456109103777016,254.65822582497367,0.9462517680339463,0.8415841584158416,0.8939179632248939,True,Cooling measures in dense built-up areas,2.289996150600079,41.624996310599286
Barcelona,1838,1046,39.916668,0.1420330023493385,0.4277578166730251,6,5045.0,0.0,0.4544812664824374,655.0,8.302159264931088,5.384068539069463,121.65521208487526,0.9108910891089109,0.785007072135785,0.847949080622348,True,Expand street trees and shade,2.284991480432228,41.63999569725118
Barcelona,1839,1043,40.21167,0.15419784210697274,0.34102267373549794,6,5114.0,0.0,0.2867823843939244,886.0,7.751410693970421,5.384132430682688,164.5576165532129,0.9264497878359265,0.7892503536067893,0.8578500707213579,True,Expand street trees and shade,2.314997687822342,41.59000027556214
Barcelona,1841,1038,38.360016,0.02624242632700612,0.7576944761124672,1,9340.0,0.00025341503988706636,0.8160294826453066,426.0,11.585915492957747,1.0,426.0,0.7524752475247525,0.8486562942008486,0.8005657708628006,True,Increase green space,2.384989738464354,41.50500106811524
Barcelona,1841,1045,40.6725,0.13863943143144317,0.4475785138066161,4,9684.0,0.0,0.5606616887285502,979.0,7.33640368852459,3.693365673077567,265.069881148332,0.9490806223479491,0.8571428571428571,0.9031117397454032,True,Cooling measures in dense built-up areas,2.3599958634920477,41.629993406240025
Barcelona,1843,1039,39.14333,0.056724542112533534,0.7123019232512909,3,12518.0,0.012469741297852712,0.6676077213073682,771.0,11.904506493506492,2.84796248615743,270.71985805552515,0.842998585572843,0.8854314002828855,0.8642149929278642,True,Increase green space,2.4217505908815458,41.52851481227643
Barcelona,1843,1040,38.553333,0.34272256751251234,0.45314367333100997,3,20422.0,0.0,0.474264823540592,832.0,11.021419975932611,2.8477110947955557,292.16446904342007,0.7772277227722773,0.9236209335219236,0.8504243281471005,True,Expand street trees and shade,2.4182357244900317,41.541484809309615
Barcelona,1844,1039,40.49001,0.0377723391111409,0.6490868753733885,3,30113.0,0.0560910618478066,0.7485978358868012,6046.0,13.24524644392987,2.8478230903886055,2123.0251346740015,0.9377652050919377,0.9462517680339463,0.942008486562942,True,Increase green space,2.438240066072809,41.53149044052673
Berlin,2249,1614,32.621998,0.13788495066172296,0.5222107552714101,5,4376.0,0.0045779820835753545,0.6637910378063726,3894.0,6.372271909534824,4.075417395803311,955.4849532737121,0.8747884940778342,0.8955160744500846,0.8851522842639594,True,Targeted local cooling measures,12.602920966477653,52.140846023365626
Berlin,2251,1625,32.979996,0.1717925780777024,0.1610025576622567,6,727.0,0.009518208380338416,0.15146744889779132,1509.0,2.5,4.756677750182319,317.23822366191644,0.9018612521150592,0.7639593908629442,0.8329103214890017,True,Expand street trees and shade,12.674990752861422,52.34000013586882
Berlin,2253,1624,33.948334,0.12299152966555127,0.16837359197581706,6,1228.0,0.00404830433041044,0.2161124736062897,1807.0,3.1603121516164996,4.758404658298551,379.74912386836047,0.9543147208121827,0.8134517766497462,0.8838832487309645,True,Expand street trees and shade,12.724993805269689,52.3199958637987
Berlin,2253,1629,32.263336,0.2014304073695632,0.16290867566251255,6,801.0,0.0,0.17488386022183885,988.0,2.5,4.751022234388321,207.95524652542525,0.8375634517766497,0.7732656514382402,0.8054145516074449,True,Expand street trees and shade,12.734995885867974,52.40999982862635
Berlin,2254,1617,34.124004,0.34592023843892983,0.20536785042537348,5,1209.0,0.0,0.23427028516124082,1345.0,3.199565868263473,4.075444842188322,330.025322898935,0.9631979695431472,0.8096446700507615,0.8864213197969544,True,Expand street trees and shade,12.747072481888697,52.18914990087127
Berlin,2255,1617,33.376663,0.01224618625577764,0.23096604587915479,6,1306.0,0.0,0.27059599514595084,1596.0,3.0864552948636654,4.766765016900368,334.81826654795196,0.926818950930626,0.81831641285956,0.872567681895093,True,Increase green space,12.774996743570004,52.18999861126607
Berlin,2255,1629,31.57334,0.08170828001256121,0.23446554298286623,6,1403.0,0.0,0.2511891514008134,1758.0,2.6692373853211007,4.753690622983218,369.8179245196131,0.7571912013536379,0.8240270727580372,0.7906091370558376,True,Expand street trees and shade,12.79500101639611,52.409999829100975
Berlin,2257,1611,31.793995,0.43324401967221365,0.12835007238472795,5,834.0,0.0,0.15471082007414863,636.0,3.562195892575039,4.080931672830153,155.84676514785406,0.7863790186125211,0.7772842639593909,0.7818316412859561,True,Expand street trees and shade,12.832919636740572,52.080847886195954
Berlin,2257,1633,31.536667,0.10811833287068671,0.19853096188464273,6,2107.0,0.04961305034580236,0.3360559424109612,2015.0,4.249501761449421,4.750079282620124,424.2034459030196,0.7527495769881557,0.8519458544839256,0.8023477157360406,True,Expand street trees and shade,12.854998573676776,52.47999952411135
Berlin,2258,1612,32.759995,0.07519704196064118,0.27670608682154907,6,2352.0,0.014020156702547188,0.3892309745162095,2757.0,4.474462326261888,4.773108245441238,577.611036295519,0.8815566835871405,0.8574450084602369,0.8695008460236886,True,Expand street trees and shade,12.864993196614693,52.0999946463555
Berlin,2258,1640,32.016666,0.022824968184083704,0.3774042657979011,6,3816.0,0.0,0.4291974203129556,1674.0,7.289509862522415,4.743233574535544,352.92379632894585,0.8104906937394247,0.8853637901861252,0.847927241962775,True,Increase green space,12.894991976701773,52.599994639800556
Berlin,2259,1631,31.610006,0.14989086941148716,0.2005903909909044,6,1093.0,0.003630343301613084,0.25143500256871726,1085.0,2.5158572752548656,4.753115559619074,228.27132780397926,0.7643824027072758,0.8016074450084603,0.782994923857868,True,Expand street trees and shade,12.914996130449994,52.43999860830154
Berlin,2259,1637,34.89801,0.0,0.09348863092537647,5,665.0,0.0,0.08421082679298242,549.0,3.3259744990892535,4.060447447854891,135.20677389631857,0.9809644670050761,0.7525380710659898,0.866751269035533,True,Increase green space,12.917072152259228,52.54915352763937
Berlin,2260,1637,32.40166,0.0034698041968987832,0.36633479069997277,6,2639.0,0.02454890018949936,0.37061565927326673,1739.0,3.6194249568717654,4.746775364854325,366.35397008161743,0.8538494077834179,0.8663282571912013,0.8600888324873096,True,Increase green space,12.944995029056717,52.54999921726169
Berlin,2261,1637,31.645004,0.04236080467950351,0.4611849282292408,6,1134.0,0.0039055462645458273,0.4411009375243524,1037.0,3.7623625843780135,4.747084419086039,218.4498754289385,0.7694585448392555,0.8041455160744501,0.7868020304568528,True,Increase green space,12.974993808749813,52.54999921733739
Berlin,2261,1643,31.599997,0.17911091168218538,0.26416601856002503,3,756.0,0.0,0.30392355666421816,837.0,2.5,2.3694006878514804,353.2538857996926,0.7607868020304569,0.7669204737732657,0.7638536379018612,True,Expand street trees and shade,12.98499589342748,52.654995261650384
Berlin,2262,1620,31.904993,0.10908384615651745,0.28977198487879263,6,3070.0,0.0074960588056979735,0.4555046977760795,3120.0,4.314574365563765,4.763847211032126,654.932843516622,0.7986463620981388,0.8741539763113367,0.8364001692047378,True,Expand street trees and shade,12.984995883743366,52.23999403413265
Berlin,2262,1633,32.44334,0.10397427849041956,0.3442395039022463,3,2245.0,0.0,0.3797510399095811,1194.0,2.832969798657718,2.375962637506608,502.53315483656434,0.8587140439932318,0.8544839255499154,0.8565989847715736,True,Expand street trees and shade,13.00499259710114,52.475002587118986
Berlin,2263,1642,31.65333,0.09786787077975091,0.21083829941897603,3,688.0,0.0,0.3530623909945892,727.0,2.5,2.3713318809138464,306.5787652295359,0.7703045685279187,0.7571912013536379,0.7637478849407784,True,Expand street trees and shade,13.045001019427595,52.63499098969154
Berlin,2265,1638,31.668325,0.044881205993082464,0.8314784924892455,6,8427.0,0.0,0.9396610031696623,6319.0,5.989292497625831,4.745675016121644,1331.5281763992639,0.7722081218274112,0.9331641285956007,0.8526861252115059,True,Increase green space,13.09499649412445,52.56000135438084
Berlin,2266,1635,33.096664,0.16909240066720213,0.15526276240059336,6,1071.0,0.0,0.19856894483829882,809.0,2.521203007518797,4.749000304218248,170.35164206694503,0.9090524534686971,0.799492385786802,0.8542724196277496,True,Expand street trees and shade,13.124995273091724,52.50999830336461
Berlin,2266,1636,32.266674,0.295603328138525,0.43199887869974063,3,2723.0,0.0,0.6964565615053376,1024.0,4.30638779527559,2.3740473270365783,431.330912546809,0.8379864636209814,0.8675972927241963,0.8527918781725888,True,Add water features,13.124995282168834,52.52500563821463
Berlin,2266,1637,32.36667,0.1840711099252255,0.5800423162640397,6,5276.0,0.0,0.6481220386985879,2146.0,5.588472676319477,4.747189750183148,452.05692481898507,0.8498307952622673,0.9073604060913706,0.878595600676819,True,Cooling measures in dense built-up areas,13.124995273165307,52.539997082261955
Berlin,2266,1638,31.536667,0.21746891026727141,0.4607699761819173,6,8646.0,0.05197480007290439,0.7755512566896074,3418.0,4.8422342924251325,4.745982057671139,720.1881419832459,0.7527495769881557,0.9348561759729273,0.8438028764805414,True,Targeted local cooling measures,13.124995273214344,52.560001354456304
Berlin,2266,1657,31.709997,0.06626761250632779,0.22064949135315345,6,1168.0,0.0,0.25998263769047364,1233.0,3.3842276422764233,4.725723362153556,260.9124372100593,0.7766497461928934,0.80668358714044,0.7916666666666667,True,Increase green space,13.15499405313439,52.899997687870446
Berlin,2267,1613,32.858334,0.14523166562396742,0.16493229210470753,6,834.0,0.0,0.1601898323018124,1219.0,3.3237653814602135,4.773081984436176,255.39054304427486,0.8898054145516074,0.7772842639593909,0.8335448392554992,True,Expand street trees and shade,13.124995272079763,52.109996781829985
Berlin,2267,1624,32.13,0.11387120736011518,0.11927956072161588,6,1330.0,0.008541232065935187,0.12209957008223675,1031.0,3.1822351797862,4.76320280221104,216.4509979548673,0.8227580372250423,0.819585448392555,0.8211717428087986,True,Expand street trees and shade,13.134997344654607,52.31000135812995
Berlin,2267,1636,31.599997,0.10955661651687759,0.6643708015092917,3,14147.0,0.0,0.9924175174142489,2484.0,7.279339774557166,2.3742004108026986,1046.2469759072187,0.7607868020304569,0.9568527918781726,0.8588197969543148,True,Cooling measures in dense built-up areas,13.15499406134564,52.525005638211354
Berlin,2267,1644,32.398335,0.07794548776649558,0.2557603860230164,6,3370.0,0.0,0.382869714565496,2087.0,3.5894678811121765,4.741776937486301,440.13036199597263,0.852580372250423,0.8807106598984772,0.8666455160744502,True,Expand street trees and shade,13.16499612469795,52.67000196376268
Berlin,2267,1645,32.5,0.050560359139060804,0.3567455582297584,5,5279.0,0.0034915802496192647,0.5079915992957235,2224.0,5.207246049661399,4.054980980915123,548.4612654084732,0.8633671742808798,0.9077834179357022,0.885575296108291,True,Increase green space,13.162917246668297,52.68915230697144
Berlin,2268,1612,32.183334,0.11974585278061566,0.797068190765822,6,10084.0,0.0,0.9572938971075162,6905.0,7.590730223123733,4.774584276712509,1446.1992081024418,0.8291032148900169,0.9420473773265652,0.885575296108291,True,Cooling measures in dense built-up areas,13.154994051148579,52.09000014005784
Berlin,2268,1636,31.623337,0.05253582127260572,0.7932390397497859,6,32247.0,0.026038302361316896,1.0,5446.0,8.837403598971722,4.751045370046438,1146.274046199388,0.766497461928934,0.9860406091370558,0.876269035532995,True,Increase green space,13.185000395940161,52.52000043897199
Berlin,2268,1637,32.841663,0.07414483428444787,0.8534533244855482,6,34478.0,0.004226195203454341,1.0,4559.0,9.746010089932001,4.749837986019865,959.822211498254,0.8883248730964467,0.9864636209813875,0.9373942470389172,True,Targeted local cooling measures,13.18500039605519,52.539997082737095
Berlin,2269,1612,31.996668,0.09752013344104386,0.4610657533289435,6,6072.0,0.0,0.7232584746100045,5470.0,5.900530261473762,4.776940707988262,1145.0843404551297,0.8075296108291032,0.9170896785109983,0.8623096446700508,True,Cooling measures in dense built-up areas,13.185000394097928,52.09000014046257
Berlin,2269,1628,31.885,0.12586755727838558,0.5592892857995385,6,5999.0,0.0,0.7578287588371616,4646.0,4.880960172228202,4.757650539686139,976.5324210437901,0.7969543147208121,0.916243654822335,0.8565989847715736,True,Cooling measures in dense built-up areas,13.204997103276504,52.379993422482045
Berlin,2269,1637,32.342003,0.07485729033000751,0.756773674192776,5,22855.0,0.1297236151376284,0.9995922627000662,2621.0,11.833559710034338,4.375222351146732,599.0552684283678,0.8451776649746193,0.9763113367174281,0.9107445008460238,True,Targeted local cooling measures,13.214999179377571,52.53956888749591
Berlin,2270,1619,31.594,0.1316006863165034,0.46538726193265695,5,3017.0,0.0,0.6156373428295057,2806.0,5.235482142857143,4.0775704055027635,688.1548865994432,0.7601522842639594,0.8722504230118443,0.8162013536379018,True,Cooling measures in dense built-up areas,13.222918692907985,52.22084660464655
Berlin,2270,1624,31.62,0.4163752216856084,0.3036104564472037,6,4368.0,0.0016778797752849638,0.40805493177526303,3143.0,4.406946107784432,4.7641113749434005,659.7242911932008,0.7656514382402707,0.8946700507614214,0.8301607445008461,True,Expand street trees and shade,13.22499381194786,52.31000135835773
Berlin,2270,1628,32.414997,0.0667700551829582,0.3721857382410123,6,2955.0,0.0,0.47708006010484133,2393.0,4.63815668202765,4.757953802824524,502.94729607912825,0.8553299492385786,0.8709813874788495,0.863155668358714,True,Increase green space,13.23499588236703,52.379993422557796
Berlin,2270,1637,32.831665,0.056451347405940655,0.8034853711316479,6,14084.0,0.05327671201392247,1.0,1732.0,7.6583362218370885,4.750447505994994,364.59722959031586,0.8862098138747885,0.9564297800338409,0.9213197969543148,True,Increase green space,13.2449979530287,52.539997082888476
Berlin,2271,1624,31.5775,0.37125156324244524,0.5772152096282736,4,11368.0,0.0,0.7896920866258549,1854.0,7.2538174946004315,3.3823570073427334,548.1384714786657,0.7580372250423012,0.9462774957698815,0.8521573604060914,True,Cooling measures in dense built-up areas,13.252035876425799,52.307959311770105
Berlin,2271,1625,32.54,0.38898747566382796,0.3988861591075733,5,1787.0,0.0,0.46315702591295116,824.0,5.493442822384428,4.072284711366932,202.34341614179777,0.8671742808798646,0.8394670050761421,0.8533206429780034,True,Expand street trees and shade,13.257070495559361,52.3208443539333
Berlin,2271,1628,31.791662,0.07719907587030618,0.40349538591298173,6,3443.0,0.0,0.5130868436435414,2788.0,3.731389088298636,4.758256575083139,585.9288913925972,0.7859560067681896,0.883248730964467,0.8346023688663282,True,Expand street trees and shade,13.264994661457703,52.37999342263359
Berlin,2271,1629,31.813334,0.033102926226120315,0.5269191279634396,3,6890.0,0.0,0.6402098087515385,2168.0,5.767618827872635,2.3786765307313718,911.4311979752056,0.7880710659898477,0.9234348561759729,0.8557529610829102,True,Increase green space,13.264994670911463,52.39500075598943
Berlin,2271,1635,31.940002,0.0484062707998467,0.8487100199505416,5,10789.0,0.020348548906017852,0.8796511809615175,1854.0,7.573247033441207,4.064276499045522,456.1697513531385,0.8020304568527918,0.9450084602368867,0.8735194585448393,True,Increase green space,13.27291799509173,52.50084437941207
Berlin,2271,1636,32.116665,0.13949285216080684,0.6547000098950017,6,26686.0,0.018748420000578095,1.0,3976.0,7.7367699672461585,4.751958255175634,836.7076869140228,0.8206429780033841,0.9818104906937394,0.9012267343485618,True,Targeted local cooling measures,13.274996731398966,52.52000043919988
Berlin,2271,1637,32.089996,0.3237632485360136,0.5594138530919978,6,19446.0,0.0646699116567411,1.0,1247.0,7.063508064516129,4.750751530484489,262.4847862487199,0.8168358714043993,0.9708121827411168,0.893824027072758,True,Targeted local cooling measures,13.27499673151577,52.5399970829642
Berlin,2272,1628,32.605007,0.10420271976614111,0.4327108578182594,6,2946.0,0.0,0.49134193494486245,3155.0,4.336124326038693,4.760600586597027,662.7315067940319,0.8735194585448393,0.8701353637901861,0.8718274111675126,True,Expand street trees and shade,13.295001002731967,52.379993423035614
Berlin,2272,1634,32.276672,0.03928911137490151,0.7529838587926913,3,11549.0,0.006955694497816209,1.0,1401.0,8.852707142857144,2.3771359950538717,589.3646820859527,0.8392554991539763,0.9467005076142132,0.8929780033840948,True,Increase green space,13.295001012717783,52.48499709387723
Berlin,2272,1635,33.106,0.04160158488532059,0.9342574894202542,5,50444.0,0.017821515549698595,1.0,2490.0,12.05895983935743,4.065622681939202,612.4523092271639,0.9094754653130288,0.995346869712352,0.9524111675126904,True,Increase green space,13.297076505977005,52.49914942885667
Berlin,2272,1636,33.645004,0.09329914266418743,0.8108280448416179,6,57590.0,0.0469815547040938,0.9936048874827116,3021.0,12.412323733862959,4.752261762371314,635.6973060533942,0.9382402707275804,0.9970389170896785,0.9676395939086295,True,Targeted local cooling measures,13.30499564414689,52.5200004392759
Berlin,2272,1637,32.719997,0.13443775845205078,0.5140838036861033,6,10288.0,0.076332109461639,0.9962037174133194,4255.0,7.132603995299648,4.7510552575171765,895.5905097646861,0.878595600676819,0.9437394247038917,0.9111675126903553,True,Targeted local cooling measures,13.3049956441859,52.539997083039935
Berlin,2272,1638,32.75833,0.07847151219711336,0.8581863917559666,6,9267.0,0.005688594335099865,0.9842736301343326,1171.0,7.056257510729615,4.749848011077633,246.53420430906095,0.8811336717428088,0.9395093062605753,0.910321489001692,True,Targeted local cooling measures,13.30499564419565,52.560001355233936
Berlin,2272,1639,31.993326,0.05840239313766755,0.829573689265974,3,13256.0,0.0001615130715141919,1.0,2081.0,8.20760691975012,2.3744715456378396,876.4055327691846,0.8071065989847716,0.9534686971235194,0.8802876480541455,True,Increase green space,13.304995653774846,52.574993431348695
Berlin,2272,1640,31.768332,0.09709872994379232,0.7292645107453551,6,18007.0,0.0,1.0,4810.0,6.83831185031185,4.748037074657794,1013.0502193575799,0.7834179357021996,0.9678510998307953,0.8756345177664975,True,Cooling measures in dense built-up areas,13.304995644210223,52.59000013413025
Berlin,2273,1627,32.66667,0.0773932813101215,0.30436738710084865,6,2577.0,8.550946894428486e-05,0.3839488069038017,2421.0,5.357936179030253,4.7599634734906795,508.61734832275505,0.876057529610829,0.8637901861252115,0.8699238578680203,True,Expand street trees and shade,13.314997712793845,52.35999677899927
Berlin,2273,1633,32.875,0.019182625024651703,0.956517308485873,4,47774.0,0.0,1.0,2768.0,10.890007225433527,3.37789031842737,819.4463819324619,0.8925549915397631,0.9936548223350253,0.9431049069373942,True,Increase green space,13.32203919921837,52.467956138683014
Berlin,2273,1634,33.080006,0.08996975352424771,0.8901109200611504,5,58874.0,0.0,1.0,3076.0,12.520263414634146,4.066603512538394,756.405189371399,0.9082064297800339,0.9974619289340102,0.9528341793570221,True,Cooling measures in dense built-up areas,13.327075982431523,52.48084520053779
Berlin,2273,1635,34.15167,0.05674405931209153,0.9404286542055202,6,62798.0,0.00014066040982422122,1.0,3057.0,15.62668956493294,4.753670095848166,643.0820688776804,0.9636209813874789,0.9978849407783418,0.9807529610829103,True,Increase green space,13.324999781718086,52.49999616713291
Berlin,2273,1636,33.529995,0.17574380647272891,0.744743518911017,6,42532.0,0.06870488190347383,0.9974568917209489,2317.0,13.942973672852826,4.752564587552127,487.52625184067244,0.9331641285956007,0.9898477157360406,0.9615059221658206,True,Targeted local cooling measures,13.334994423840296,52.52000043935193
Berlin,2273,1637,33.03333,0.19697071392700358,0.676301205587098,6,29950.0,0.08495259088002977,0.9887472223001081,2616.0,11.887186064318529,4.751358302806563,550.5793992540542,0.9052453468697124,0.9843485617597293,0.9447969543147208,True,Targeted local cooling measures,13.334994423879134,52.53999708311571
Berlin,2273,1638,31.753326,0.2205435129703155,0.6221139331140494,3,17764.0,0.0,1.0,1653.0,8.633557575757576,2.375226418966846,695.9336536510092,0.7796108291032149,0.9670050761421319,0.8733079526226735,True,Cooling measures in dense built-up areas,13.334994433540473,52.55500441776667
Berlin,2273,1639,31.855001,0.20216889532126514,0.7327976593473139,6,28843.0,0.0,1.0,3105.0,7.8344830917874395,4.749548117960343,653.7464034227784,0.7906091370558376,0.983502538071066,0.8870558375634519,True,Cooling measures in dense built-up areas,13.334994423893177,52.569995862012206
Berlin,2273,1640,32.03,0.07276339306327566,0.806296988559009,6,23676.0,0.0,1.0,4350.0,7.5836022988505745,4.748340669307,916.1095007605812,0.811336717428088,0.9784263959390863,0.8948815566835872,True,Cooling measures in dense built-up areas,13.334994423902456,52.590000134205965
Berlin,2274,1630,32.353336,0.11089366677556818,0.6728040792675484,6,20762.0,0.0,0.891382426858044,4324.0,7.438815089099745,4.759395933021035,908.5186567479653,0.8464467005076142,0.9716582064297801,0.9090524534686971,True,Cooling measures in dense built-up areas,13.35499855980553,52.40999983051902
Berlin,2274,1631,31.609995,0.05383786868141572,0.8747961936076708,6,29699.0,0.0,1.0,5334.0,8.28700037495313,4.758191343763093,1121.0141868278713,0.7639593908629442,0.9839255499153976,0.873942470389171,True,Increase green space,13.354998559923844,52.42999647428046
Berlin,2274,1632,31.693329,0.15164198069473653,0.7094099857940427,6,26421.0,0.020926281044131176,1.0,3829.0,9.04724921630094,4.756986013214363,804.9214333116548,0.7745346869712352,0.9813874788494078,0.8779610829103215,True,Targeted local cooling measures,13.354998560012598,52.450000746475126
Berlin,2274,1634,33.25333,0.05633901810176809,0.8228707974706913,6,50041.0,0.0,1.0,3197.0,12.45420394119487,4.755177949082349,672.3197394993293,0.9200507614213198,0.9949238578680203,0.9574873096446701,True,Increase green space,13.354998560145711,52.4799995253725
Berlin,2274,1635,33.539997,0.07698278561360491,0.8946887940187357,6,53757.0,0.020865323509142972,1.0,2807.0,15.07266832917706,4.753972374351304,590.4535783893832,0.934010152284264,0.9961928934010152,0.9651015228426396,True,Targeted local cooling measures,13.354998560204782,52.49999616720902
Berlin,2274,1636,32.589996,0.38787232958025913,0.5281971704188482,5,16659.0,0.042913553829819796,0.9902713064765074,1151.0,11.705178105994786,4.065070921486819,283.14389151641575,0.8720389170896785,0.9623519458544839,0.9171954314720812,True,Targeted local cooling measures,13.362916825686396,52.52084714096485
Berlin,2274,1637,33.665005,0.08110298574805784,0.8213149620501704,6,55919.0,0.024239318712073812,1.0,2996.0,13.532773698264354,4.751660859106656,630.5163791852073,0.9403553299492385,0.9966159052453468,0.9684856175972927,True,Targeted local cooling measures,13.36499320357235,52.53999708319152
Berlin,2274,1638,33.736664,0.17124179008705417,0.7619863064833217,3,30952.0,0.0,1.0,1591.0,11.7328409805154,2.3753777796770037,669.7881968973959,0.9441624365482234,0.9847715736040609,0.9644670050761421,True,Cooling measures in dense built-up areas,13.364993213320208,52.555004417763634
Berlin,2274,1639,32.911655,0.10929742520812712,0.8083058397834666,6,40772.0,0.013420861917826368,1.0,4344.0,8.493397790055248,4.74985100418693,914.5550031297449,0.8946700507614214,0.9890016920473773,0.9418358714043993,True,Targeted local cooling measures,13.364993203585806,52.569995862087964
Berlin,2274,1640,32.491665,0.08601945268102211,0.7729459512442394,6,28697.0,0.0,1.0,4723.0,7.138615286893923,4.748643775242023,994.5997685958838,0.862098138747885,0.9830795262267343,0.9225888324873097,True,Cooling measures in dense built-up areas,13.364993203594697,52.590000134281716
Berlin,2275,1621,33.373337,0.21729288584705475,0.08912428213942654,6,692.0,0.0,0.1339257174851725,735.0,2.564829931972789,4.769124215994958,154.1163464635531,0.9263959390862944,0.7584602368866328,0.8424280879864636,True,Expand street trees and shade,13.364993203409833,52.24999617056303
Berlin,2275,1626,31.525,0.14450216111628852,0.0797187687969478,6,826.0,0.0,0.0745011869079611,839.0,2.5856678700361013,4.761768063821206,176.19505796061858,0.751269035532995,0.7753807106598984,0.7633248730964467,True,Expand street trees and shade,13.374995270956083,52.34000013730975
Berlin,2275,1630,33.256664,0.06191024202024633,0.8597438194538114,6,12402.0,0.0,1.0,5338.0,7.893816035968528,4.759696727182146,1121.5000253094324,0.9204737732656514,0.950507614213198,0.9354906937394247,True,Increase green space,13.384997338290999,52.40999983059526
Berlin,2275,1631,33.70667,0.05867439706254327,0.8676328066121269,6,18167.0,0.0,1.0,5069.0,8.873758137699744,4.758492359509792,1065.2533653583916,0.9424703891708968,0.9686971235194586,0.9555837563451777,True,Increase green space,13.384997338409923,52.429996474356415
Berlin,2275,1632,33.060005,0.09528510850213187,0.820260185552514,5,38126.0,0.02481937546852519,1.0,3442.0,10.07479953515398,4.067518797581095,846.2161261668701,0.9073604060913706,0.988155668358714,0.9477580372250423,True,Targeted local cooling measures,13.382919727548272,52.449153204373395
Berlin,2275,1633,33.69999,0.07649670547965623,0.7580470619777611,4,18766.0,0.0118636530613618,1.0,2453.0,10.505788830004077,3.378191965972484,726.1280663468312,0.9416243654822335,0.9703891708967851,0.9560067681895092,True,Targeted local cooling measures,13.38795861160186,52.462034282683106
Berlin,2275,1634,33.748333,0.06468101310296316,0.5702403531475689,6,27543.0,0.0,1.0,3604.0,10.398042813455659,4.755479517888362,757.8625849282033,0.944585448392555,0.9822335025380711,0.9634094754653131,True,Increase green space,13.384997338632566,52.4799995254484
Berlin,2275,1635,33.19334,0.13386394073090652,0.8188441801285311,6,45315.0,0.021255415141945774,1.0,2746.0,13.596809905316823,4.754274163918335,577.5855378388247,0.9149746192893401,0.9919627749576988,0.9534686971235194,True,Targeted local cooling measures,13.384997338691704,52.49999616728512
Berlin,2275,1636,33.441998,0.12011765484278691,0.8428652323324461,5,22870.0,0.030141711089555368,0.9968021141694411,4705.0,11.99765093537415,4.065397684758922,1157.3283513293009,0.928087986463621,0.9767343485617598,0.9524111675126904,True,Targeted local cooling measures,13.387072864488527,52.51915374591086
Berlin,2275,1637,34.162506,0.18402375752446762,0.8020240965478956,4,43026.0,0.0,1.0,2638.0,13.438919636087947,3.376132154037983,781.3675175140438,0.9648900169204738,0.9911167512690355,0.9780033840947546,True,Cooling measures in dense built-up areas,13.392029819022888,52.537960486019315
Berlin,2275,1638,31.915997,0.06785015345773762,0.768553644116505,5,63549.0,0.0,1.0,4028.0,11.224558093346573,4.062948501856525,991.3982414887721,0.8003384094754653,0.9983079526226735,0.8993231810490694,True,Increase green space,13.397070832164196,52.55084711760338
Berlin,2275,1640,32.056667,0.0974454522487636,0.7168821409149352,6,22923.0,0.0,1.0,7277.0,6.7067528538027785,4.748946392866807,1532.3398914189634,0.8132402707275804,0.977580372250423,0.8954103214890017,True,Cooling measures in dense built-up areas,13.394991983286918,52.59000013435749
Berlin,2276,1630,32.351665,0.004381730165768035,0.7681908670269553,6,17847.0,0.0,0.8414990853559113,6398.0,7.202664998436033,4.759997032327835,1344.1184850636585,0.8460236886632826,0.9674280879864636,0.9067258883248731,True,Increase green space,13.41499611677669,52.409999830671495
Berlin,2276,1632,32.286663,0.11748531716994144,0.5957968781085156,3,8591.0,0.0,1.0,3708.0,7.385339989206692,2.3789445130747,1558.6744371803545,0.8396785109983079,0.934010152284264,0.886844331641286,True,Cooling measures in dense built-up areas,13.414996126824107,52.44500380791797
Berlin,2276,1633,33.816666,0.08902613711515424,0.6179063863212971,6,16796.0,0.023417868401292258,1.0,2935.0,9.817083475298126,4.756985908804054,616.9873227011269,0.9488155668358714,0.9631979695431472,0.9560067681895092,True,Targeted local cooling measures,13.414996117030286,52.45999525332987
Berlin,2276,1634,33.315006,0.23903182429461708,0.38628651782361584,6,42064.0,0.0,1.0,2094.0,11.388587217683806,4.755780598057273,440.3062666211715,0.9230118443316413,0.989424703891709,0.9562182741116751,True,Add water features,13.414996117119653,52.47999952552432
Berlin,2276,1635,33.183334,0.06939154362600294,0.8690377007770609,6,71607.0,0.032924060664172,1.0,3766.0,13.232392458842273,4.754575464956665,792.0791304622451,0.9141285956006768,0.9991539763113367,0.9566412859560067,True,Increase green space,13.414996117178825,52.49999616736125
Berlin,2276,1636,33.62167,0.07533979217440717,0.8690342544113183,6,48870.0,0.04908189540309325,0.9840243438228722,2052.0,15.335399610136452,4.75336958996786,431.69376190120215,0.937394247038917,0.994077834179357,0.9657360406091371,True,Targeted local cooling measures,13.414996117268224,52.520000439554906
Berlin,2276,1637,33.93334,0.08991437764550513,0.8946091438524751,3,49373.0,0.0,1.0,2065.0,14.74947215496368,2.3762829162795933,869.0042695896873,0.9538917089678511,0.9945008460236887,0.97419627749577,True,Cooling measures in dense built-up areas,13.424990772866852,52.53500014538969
Berlin,2276,1638,33.72333,0.04696002823907147,0.9247127212594338,6,82147.0,0.0,1.0,3448.0,14.026435614849188,4.751661358635492,725.6409368764744,0.94331641285956,1.0,0.9716582064297801,True,Increase green space,13.424990762932522,52.549999218475996
Berlin,2276,1639,32.56,0.06468107490059744,0.6784176956437283,6,31275.0,0.0,1.0,5500.0,7.515027282648236,4.750455311782807,1157.7837573501758,0.868020304568528,0.9851945854483926,0.9266074450084603,True,Increase green space,13.424990762970952,52.569995862239566
Berlin,2276,1640,32.815002,0.10327644138731042,0.7515941221295396,6,16058.0,0.011707758575407873,1.0,6531.0,6.7052534068289695,4.749248522582882,1375.1649274500612,0.8853637901861252,0.961082910321489,0.9232233502538071,True,Targeted local cooling measures,13.424990762979089,52.590000134433275
Berlin,2276,1641,32.234997,0.049488181486285775,0.6211694610549177,6,13252.0,0.0,0.9142244841834901,7450.0,5.419959731543623,4.748041911553778,1569.0678681397774,0.8358714043993232,0.9530456852791879,0.8944585448392555,True,Increase green space,13.424990762956853,52.609996776266634
Berlin,2277,1625,32.056667,0.25696480055032817,0.3671379268969599,6,1824.0,0.0,0.4348172899311468,2137.0,3.191274601686973,4.765612662077711,448.42083306625915,0.8132402707275804,0.8413705583756346,0.8273054145516074,True,Expand street trees and shade,13.435000388323761,52.31999586559354
Berlin,2277,1626,32.77667,0.06951382157558378,0.22337972048237606,6,1605.0,0.0,0.3173529506632154,2407.0,6.566480304955527,4.7644094750020525,505.20426773329825,0.8836717428087987,0.8326988155668359,0.8581852791878173,True,Increase green space,13.43500038841344,52.34000013778892
Berlin,2277,1627,31.923319,0.17632481622112242,0.38247850749176227,3,1345.0,0.0,0.6471019955675429,1937.0,4.396647727272727,2.381753798357169,813.2662583916352,0.8016074450084603,0.8214890016920474,0.8115482233502538,True,Add water features,13.43500039837872,52.354992211653595
Berlin,2277,1628,31.75,0.14315437152875934,0.19962090167177882,6,2143.0,0.0,0.2068310385484541,977.0,4.206786079836233,4.762604624016982,205.13985038211234,0.7791878172588832,0.8527918781725888,0.815989847715736,True,Expand street trees and shade,13.435000388547868,52.36999891668725
Berlin,2277,1629,33.021664,0.03993154938219983,0.30602540221565844,6,8136.0,0.0,0.38580738910797147,2649.0,4.770571320469164,4.7614011902775815,556.3488339123903,0.9043993231810491,0.9310490693739425,0.9177241962774958,True,Increase green space,13.435000388607204,52.389995558528
Berlin,2277,1630,33.053997,0.011866970339759274,0.5165456042042544,5,10466.0,0.0,0.5813626427833517,3077.0,5.871709624796085,4.070644704600238,755.8999183895072,0.9069373942470389,0.9441624365482234,0.9255499153976312,True,Increase green space,13.44291921942435,52.410847655251416
Berlin,2277,1631,32.396664,0.06301231283285012,0.8616056205249061,6,26076.0,0.0,1.0,4663.0,8.155550075058976,4.759093117836823,979.8085232926687,0.8519458544839256,0.9805414551607445,0.916243654822335,True,Increase green space,13.444995035639902,52.429996474508364
Berlin,2277,1632,32.61667,0.16902740879953393,0.7076368174974769,3,12270.0,0.0,1.0,2665.0,8.666973338340219,2.3790947119137225,1120.1739832611784,0.8743654822335025,0.9488155668358714,0.9115905245346869,True,Cooling measures in dense built-up areas,13.444995045593362,52.44500380791506
Berlin,2277,1633,33.11333,0.07225283298127273,0.8030209281289831,6,31616.0,0.02988573783448749,0.9850716682787376,3463.0,10.344473000288769,4.757286472353097,727.9359820194087,0.9098984771573604,0.9856175972927242,0.9477580372250423,True,Targeted local cooling measures,13.44499503565198,52.45999525340581
Berlin,2277,1634,33.77667,0.07606555672203542,0.8257374093905966,6,73993.0,0.020607920167739626,1.0,4000.0,13.494135,4.756081382743025,841.0285018489398,0.9471235194585449,0.9995769881556683,0.9733502538071066,True,Targeted local cooling measures,13.444995035660021,52.479999525600235
Berlin,2277,1635,33.21333,0.07690425649244045,0.7940765128600494,6,47519.0,0.09791015433270983,0.9648849310591671,2756.0,14.980744101633393,4.754876470459743,579.6154783666811,0.9173011844331641,0.9932318104906938,0.9552664974619289,True,Targeted local cooling measures,13.444995035637566,52.499996167437416
Berlin,2277,1636,32.858334,0.16069524356549372,0.8172763131112443,6,68061.0,0.0,1.0,2290.0,14.403593886462884,4.7536708161335035,481.7329782760639,0.8898054145516074,0.998730964467005,0.9442681895093062,True,Cooling measures in dense built-up areas,13.444995035645528,52.520000439631005
Berlin,2277,1637,33.25,0.11118423748391143,0.7824888076719003,2,8602.0,0.0,1.0,784.0,7.54577806122449,1.6876958745527817,464.5386718195008,0.9196277495769881,0.9344331641285956,0.9270304568527918,True,Cooling measures in dense built-up areas,13.44999980802999,52.5349999521137
Berlin,2277,1638,32.870007,0.19429448416048287,0.745077893099444,6,42848.0,0.015313105762709342,1.0,2903.0,9.634241902136457,4.749930002088204,611.1669011382818,0.8917089678510999,0.9906937394247038,0.9412013536379018,True,Targeted local cooling measures,13.45499710194311,52.54999921822729
Berlin,2277,1639,32.38667,0.031864146888301186,0.6017885422140622,6,7268.0,0.0,0.9614458617934788,7197.0,7.178064471307489,4.7487250394959855,1515.564691604858,0.8515228426395939,0.9259729272419628,0.8887478849407784,True,Increase green space,13.454997102022295,52.56999586199055
Berlin,2278,1630,33.588,0.016357472198130878,0.3168447098598491,5,4820.0,0.0,0.38134915999145375,2083.0,5.277438731379145,4.070969729044505,511.6716995311336,0.9352791878172588,0.9018612521150592,0.918570219966159,True,Increase green space,13.467074134583806,52.40915201380563
Berlin,2278,1631,32.43999,0.05735345151384829,0.8839783311392849,3,25238.0,0.0,1.0,1923.0,10.0565002600104,2.37984675707699,808.0352208735889,0.8582910321489001,0.9796954314720813,0.9189932318104908,True,Increase green space,13.47499382536269,52.42499953554403
Berlin,2278,1632,32.065002,0.028703775745530135,0.6558856555208719,6,17233.0,0.027788552134513717,0.9751401360210635,8674.0,8.595899239105373,4.758790481200058,1822.7320648528776,0.8140862944162437,0.9653130287648054,0.8896996615905246,True,Increase green space,13.474993815308382,52.43999860972087
Berlin,2278,1633,32.255005,0.1776685205353253,0.5551898664880776,6,22374.0,0.025206079765667577,0.9334694027892055,3278.0,8.239902319902319,4.757586355038583,689.0048346738661,0.8371404399323181,0.9746192893401016,0.9058798646362098,True,Targeted local cooling measures,13.474993815346686,52.45999525348181
Berlin,2278,1635,32.366665,0.061291725183468204,0.7533968481691793,6,34923.0,0.13388983560592374,0.9042052431947897,2367.0,10.852320371935757,4.755176795633783,497.7732904007662,0.8489847715736041,0.9868866328257191,0.9179357021996616,True,Increase green space,13.474993815331228,52.49999616751359
Berlin,2278,1636,34.226665,0.09601467305176825,0.8897627476800637,3,46198.0,0.0,1.0,1540.0,15.072376623376623,2.3771364929077783,647.8382728945572,0.9670050761421319,0.9928087986463621,0.9799069373942471,True,Cooling measures in dense built-up areas,13.474993825417771,52.51499587301686
Berlin,2278,1637,33.233334,0.1458680645616398,0.7669512929893446,6,42596.0,0.0025924635392829977,1.0,2056.0,9.775165369649807,4.753368539584141,432.53536578922063,0.9187817258883249,0.9902707275803723,0.9545262267343486,True,Targeted local cooling measures,13.474993815373228,52.530002576767174
Berlin,2278,1638,31.527996,0.2595899617975659,0.5575099559561739,5,17099.0,0.021660268322911992,1.0,3081.0,9.39447077922078,4.062585398514035,758.3840578777573,0.7516920473773265,0.9644670050761421,0.8580795262267343,True,Targeted local cooling measures,13.482919697739614,52.550846252837985
Berlin,2278,1640,32.22499,0.04426396566522505,0.1880848705575927,6,1709.0,0.0,0.42204595437855524,2231.0,3.8842575145805296,4.747820835641932,469.8997871301006,0.833756345177665,0.8362944162436549,0.8350253807106599,True,Increase green space,13.484995881161801,52.59000013426012
Berlin,2278,1641,34.5,0.01520040110198805,0.467798969687371,3,3159.0,0.0,0.5286370407924517,1980.0,5.105575757575758,2.37345861756837,834.2256255676907,0.9720812182741116,0.876057529610829,0.9240693739424704,True,Increase green space,13.484995891298238,52.60499221007162
Berlin,2279,1629,33.21333,0.09368385323157265,0.34187081480792575,6,4219.0,0.0,0.5120275450154518,879.0,4.837439165701043,4.761999239730877,184.58633774365669,0.9173011844331641,0.8925549915397631,0.9049280879864636,True,Expand street trees and shade,13.494997945578872,52.389995558680646
Berlin,2279,1630,32.573334,0.11474840908362728,0.7860145583880325,6,18627.0,0.0,1.0,6475.0,6.66089111969112,4.76079550904399,1360.066818181871,0.8697123519458545,0.9699661590524534,0.9198392554991539,True,Cooling measures in dense built-up areas,13.494997945669134,52.40999983087497
Berlin,2279,1631,33.664993,0.006981188946905039,0.9310618702827387,2,6727.0,0.01662430827666982,1.0,2116.0,8.4338988657845,1.6904950159623533,1251.7043706250847,0.939932318104907,0.9217428087986463,0.9308375634517767,True,Increase green space,13.499995230368434,52.42499934230706
Berlin,2279,1632,32.935,0.1602060721078814,0.7313160981738837,6,15718.0,0.017349070988827674,0.9704295759727124,4329.0,7.737077847077846,4.759089654692404,909.6277469224938,0.8989001692047377,0.9602368866328257,0.9295685279187818,True,Targeted local cooling measures,13.504992595003179,52.43999860979716
Berlin,2279,1633,32.065002,0.22805513413262948,0.6505403826882351,6,28347.0,0.06446868271738186,0.9719706078753471,1957.0,10.089371486969853,4.75788575019234,411.3171485719024,0.8140862944162437,0.9826565143824028,0.8983714043993232,True,Targeted local cooling measures,13.504992595041378,52.45999525355784
Berlin,2279,1635,32.956665,0.05093524265734543,0.8873888594291003,6,52684.0,5.647064439040646e-06,0.9816452751457874,2409.0,11.109721876297218,4.755476633491326,506.57382753900436,0.8993231810490694,0.9957698815566836,0.9475465313028765,True,Increase green space,13.504992595024813,52.49999616758981
Berlin,2279,1636,32.926678,0.12833323985098452,0.802624542450704,3,22443.0,0.0,1.0,1769.0,8.79096099491238,2.3772864947210084,744.125709681283,0.8984771573604061,0.9754653130287648,0.9369712351945855,True,Cooling measures in dense built-up areas,13.504992605198092,52.51499587301397
Berlin,2279,1637,33.928333,0.09574273856342934,0.8324880034952636,6,17726.0,0.0,1.0,1603.0,10.34053025577043,4.753668708916071,337.2132342738531,0.9534686971235194,0.9665820642978004,0.9600253807106599,True,Cooling measures in dense built-up areas,13.504992595066561,52.530002576843124
Berlin,2279,1638,32.58333,0.06304404276652924,0.9119061512609856,6,21157.0,0.004433965547002399,1.0,4911.0,10.888077784565262,4.7514977025002025,1033.5688466009083,0.8705583756345178,0.9725042301184433,0.9215313028764806,True,Increase green space,13.509991724760278,52.54999830842063
Berlin,2279,1639,31.679998,0.20961257519235946,0.6679929541307463,6,44869.0,0.0,0.9175732110309447,1766.0,6.488123582766439,4.749327115400654,371.84214881164695,0.7741116751269036,0.9915397631133672,0.8828257191201354,True,Cooling measures in dense built-up areas,13.514994660204257,52.56999586214205
Berlin,2279,1640,33.518337,0.014130752170509719,0.1236088934656211,6,870.0,0.0,0.13805037714721252,821.0,3.1275092024539877,4.748121849953151,172.91047406630912,0.932741116751269,0.7827834179357022,0.8577622673434856,True,Increase green space,13.514994660252786,52.59000013433589
Berlin,2279,1641,35.31667,0.005136493631238599,0.24083706276021669,3,884.0,0.0,0.2518069333449689,600.0,3.3242666666666665,2.373609206936535,252.77960594633075,0.988155668358714,0.7846869712351946,0.8864213197969544,True,Increase green space,13.51499467047614,52.60499221006873
Berlin,2279,1642,33.411667,0.04789466645078829,0.3227161989455242,6,5898.0,0.0,0.41026799177969314,2134.0,4.438405253283302,4.746313881594323,449.6120680672668,0.9272419627749577,0.9153976311336718,0.9213197969543148,True,Increase green space,13.514994660325533,52.619998913231946
Berlin,2280,1629,32.213333,0.06430122870851197,0.6787622669017246,6,4051.0,0.010813604015466383,0.682754126212143,1328.0,5.3389962264150945,4.762297532802394,278.85699934807155,0.8324873096446701,0.8883248730964467,0.8604060913705585,True,Increase green space,13.52499672406501,52.38999555875703
Berlin,2280,1630,32.561993,0.1377703160526143,0.686842590669319,5,17195.0,0.0,0.9033682876972817,3889.0,6.173977886346104,4.070373984139017,955.4404620200071,0.8684433164128595,0.9648900169204738,0.9166666666666667,True,Cooling measures in dense built-up areas,13.52291940197737,52.4091504201225
Berlin,2280,1631,33.284996,0.07361584965027984,0.7813637536487789,4,8778.0,0.048949193824191675,0.9427166281879775,2902.0,7.297126119917298,3.3800957229876936,858.5555670106583,0.9217428087986463,0.9361252115059222,0.9289340101522843,True,Targeted local cooling measures,13.527956330004749,52.42204266303857
Berlin,2280,1632,34.035,0.24481274033819114,0.6564289818215926,6,13876.0,0.0,0.9496614507067123,2327.0,7.953294623655914,4.759388340952153,488.92837341667,0.9598138747884941,0.955160744500846,0.9574873096446701,True,Cooling measures in dense built-up areas,13.534991374697954,52.43999860987348
Berlin,2280,1633,31.741669,0.3533126309183657,0.47345137998380293,6,18139.0,0.07550223263104185,0.9880339471361385,1323.0,8.22126419379258,4.758184658220569,278.0472165396721,0.7783417935702199,0.9682741116751269,0.8733079526226735,True,Targeted local cooling measures,13.534991374735974,52.45999525363388
Berlin,2280,1634,31.640005,0.21482820757201426,0.6215537965928689,6,15269.0,0.0,0.9652831245832365,4363.0,6.599871647948659,4.756980233145164,917.1785011003342,0.7690355329949239,0.9593908629441624,0.8642131979695431,True,Cooling measures in dense built-up areas,13.534991374742816,52.479999525828234
Berlin,2280,1637,32.766674,0.07351071959263702,0.8932918541319005,6,22897.0,0.006361671631269544,0.9893538380480106,2379.0,9.279108869272804,4.753968391496299,500.424025589959,0.883248730964467,0.9771573604060914,0.9302030456852792,True,Targeted local cooling measures,13.534991374759793,52.53000257691909
Berlin,2280,1638,32.86199,0.3044295082511788,0.6556583649808365,5,7906.0,0.0,0.9208850719528187,623.0,9.606051364365971,4.06415262336629,153.29148723848277,0.8904399323181049,0.9289340101522843,0.9096869712351946,True,Cooling measures in dense built-up areas,13.537069302138448,52.54915110770998
Berlin,2280,1639,31.580002,0.23335450495006996,0.3840022031735677,6,12078.0,0.0029361535264470595,0.7137081497120069,2282.0,4.388964003511853,4.75165803932531,480.25341493724625,0.7588832487309645,0.9479695431472082,0.8534263959390863,True,Targeted local cooling measures,13.545000996833478,52.569995862543195
Berlin,2280,1640,32.503338,0.00582776786606716,0.18897205083073806,3,1211.0,0.0,0.2635919391511778,1283.0,3.7680280592361655,2.37537670681557,540.1248552782139,0.8637901861252115,0.8102791878172588,0.8370346869712352,True,Increase green space,13.545001007170718,52.58500319690335
Berlin,2280,1641,34.198334,0.00012708096113569272,0.22021363739531255,6,2357.0,0.0,0.2430222914761908,1999.0,2.9086546184738955,4.749849530956348,420.8554369926568,0.9661590524534687,0.8578680203045685,0.9120135363790186,True,Increase green space,13.545000996969556,52.599994641439125
Berlin,2280,1643,34.19334,0.038415789658722915,0.5100622286412244,6,5924.0,0.0,0.6936505206763046,5715.0,5.20471371038347,4.747437042459023,1203.8074331239177,0.9657360406091371,0.9158206429780034,0.9407783417935702,True,Increase green space,13.545000997119509,52.63999555546575
Berlin,2281,1622,32.998333,0.15699970440632094,0.23739446121304786,6,1976.0,0.02641018386119857,0.2789162896993708,2092.0,5.793913043478261,4.770309277447233,438.545989018034,0.9031302876480541,0.8477157360406091,0.8754230118443316,True,Expand street trees and shade,13.545000995426424,52.259998308075204
Berlin,2281,1623,34.410004,0.0070550557738451045,0.16597103080767714,6,1637.0,0.0016761125764650896,0.18840949302749874,1257.0,3.202342126298961,4.769107758172805,263.57131432936967,0.9708121827411168,0.8333333333333334,0.9020727580372251,True,Increase green space,13.545000995517297,52.28000258027087
Berlin,2281,1629,31.95667,0.23537458709515177,0.34981178881548197,6,4083.0,0.0,0.3626973927016886,2111.0,4.833713200379867,4.762595532064793,443.24570201005275,0.8037225042301185,0.8900169204737732,0.8468697123519459,True,Expand street trees and shade,13.554995647407614,52.38999555883339
Berlin,2281,1630,32.460003,0.15617881515112422,0.7761183927944485,3,8545.0,0.0,0.965932699181454,2367.0,6.868428390367554,2.3808466662566103,994.1841419471244,0.8599830795262268,0.9335871404399323,0.8967851099830795,True,Cooling measures in dense built-up areas,13.554995657699447,52.404995263168324
Berlin,2281,1631,31.77833,0.12182026134538392,0.7049240046919601,6,8425.0,0.027681806990115815,0.9053253454623351,4875.0,6.882780748663102,4.760790496954617,1023.9896091034547,0.7838409475465313,0.932741116751269,0.8582910321489001,True,Targeted local cooling measures,13.55499564744893,52.420001968084414
Berlin,2281,1632,31.904003,0.07823074675791422,0.7508863022136653,5,22521.0,0.07665626558567044,0.9746243935248504,3046.0,7.525533661740559,4.068150228896517,748.7432441319222,0.7982233502538071,0.9758883248730964,0.8870558375634517,True,Targeted local cooling measures,13.562922090398834,52.4408467671177
Berlin,2281,1635,31.516663,0.031745187511512334,0.9083371554164864,3,5648.0,0.0,1.0,3862.0,6.933586224754013,2.3771712907115203,1624.619990612477,0.7504230118443317,0.9124365482233503,0.831429780033841,True,Increase green space,13.564997721743014,52.49499160022327
Berlin,2281,1636,31.668335,0.21572037764803864,0.7401292080597432,6,12643.0,0.011223181716339866,1.0,4470.0,6.107713837886251,4.7534394913107825,940.371705198119,0.7728426395939086,0.9513536379018612,0.862098138747885,True,Targeted local cooling measures,13.564997711473769,52.50999830447511
Berlin,2281,1637,31.65833,0.2206502691290092,0.7455469390715449,6,22238.0,0.0003638350248151493,1.0,4164.0,6.877421912542047,4.752235441256405,876.2192133517513,0.7707275803722504,0.9741962774957699,0.8724619289340101,True,Targeted local cooling measures,13.564997711522253,52.5300025766693
Berlin,2281,1638,31.698334,0.16968875429230937,0.8027137917576227,6,45916.0,0.0,1.0,1501.0,8.551112591605596,4.751031567430002,315.93138851989215,0.7749576988155669,0.9923857868020305,0.8836717428087987,True,Cooling measures in dense built-up areas,13.564997711539196,52.549999218506166
Berlin,2281,1639,31.841665,0.2228547330829629,0.5837318276806481,6,24573.0,0.00302328593026881,0.8904399570293277,3076.0,4.745822207749919,4.751957514852017,647.3121845862696,0.7901861252115059,0.9788494077834179,0.8845177664974619,True,Targeted local cooling measures,13.574999775323091,52.569995862619166
Berlin,2281,1643,33.833332,0.08670025888329684,0.1423191704986602,6,1192.0,0.0,0.15799566500426357,1612.0,3.387184586699813,4.747737288412278,339.53015975302196,0.949238578680203,0.8079526226734348,0.878595600676819,True,Expand street trees and shade,13.57499977560999,52.63999555554187
Berlin,2281,1645,32.366657,0.08627863428702653,0.7526618154987159,3,9127.0,0.0,0.9231425632666549,2394.0,6.271569450272765,2.3728128263187873,1008.929138213604,0.8481387478849408,0.938663282571912,0.8934010152284264,True,Cooling measures in dense built-up areas,13.57499978617865,52.67499953437193
Berlin,2282,1627,31.676672,0.2338724908275791,0.3322751945620645,6,4183.0,0.0,0.4778505050106412,3776.0,4.577784382599297,4.765297668550122,792.3954100329846,0.7736886632825719,0.8917089678510999,0.8326988155668359,True,Expand street trees and shade,13.58499442712226,52.34999464487295
Berlin,2282,1635,31.635002,0.14151945645118086,0.5915050148969181,4,5586.0,0.08796254649571708,0.8056851484396761,4446.0,5.849401709401709,3.3773206271015903,1316.428166257803,0.7681895093062606,0.9115905245346869,0.8398900169204737,True,Targeted local cooling measures,13.597956248493453,52.49203229794881
Berlin,2282,1636,32.313335,0.0615988756159593,0.819850659163353,6,16036.0,0.010179658464959928,0.93947710661461,4953.0,6.650046436503129,4.753738329722861,1041.9168360679953,0.8417935702199661,0.9606598984771574,0.9012267343485618,True,Increase green space,13.59499649056514,52.50999830455104
Berlin,2282,1637,31.948334,0.24161234127685485,0.7221790568956058,6,37653.0,0.0013033926414668133,1.0,2684.0,6.968855758479314,4.752534500259779,564.7512921480716,0.8028764805414551,0.9877326565143824,0.8953045685279187,True,Targeted local cooling measures,13.594996490613608,52.5300025767452
Berlin,2282,1638,32.70166,0.195548722673304,0.41800090707902354,6,21479.0,0.0,0.7264973749673901,1261.0,6.149706582077716,4.751330846704681,265.39932509111117,0.877326565143824,0.9729272419627749,0.9251269035532994,True,Add water features,13.594996490630233,52.549999218582265
Berlin,2282,1639,32.92,0.026176214224740757,0.588289406767102,2,662.0,0.0,0.6445831180870595,689.0,3.9374891146589257,1.687619414093611,408.2674056994356,0.8963620981387479,0.7516920473773265,0.8240270727580372,True,Increase green space,13.599993704461566,52.56499873135452
Berlin,2282,1641,32.07501,0.1064294708569678,0.2644840039589191,6,1470.0,0.0018390874840380426,0.2507932148668851,1096.0,3.3927106227106227,4.750448657624472,230.71505009130445,0.8151438240270727,0.827834179357022,0.8214890016920473,True,Expand street trees and shade,13.604998553949981,52.599994641591
Berlin,2282,1643,32.128326,0.19420662239137046,0.25536536057343984,6,1070.0,0.009482706948535246,0.3181170799951149,1677.0,3.302832335329341,4.748037049143115,353.19859189023185,0.8223350253807107,0.7990693739424704,0.8107021996615905,True,Expand street trees and shade,13.604998554100694,52.639995555617986
Berlin,2282,1645,33.600006,0.11928800841276828,0.3412580229103219,6,7150.0,0.0005144466476547269,0.4676886646363927,2872.0,5.028049295774648,4.746227253414681,605.1121968367054,0.9357021996615905,0.9255499153976311,0.9306260575296108,True,Expand street trees and shade,13.604998554269674,52.67000196487269
Berlin,2282,1646,31.758331,0.2599493794207321,0.37069765228488166,6,3940.0,0.0013186498847330315,0.50339730331965,1530.0,4.877733245729304,4.745070905632036,322.4398603156819,0.7804568527918782,0.8866328257191202,0.8335448392554992,True,Expand street trees and shade,13.609995044290752,52.68999876650147
Berlin,2283,1622,31.998337,0.2669597893053652,0.13455496299929456,6,1366.0,0.045633887770293195,0.16703801080929317,1536.0,4.1408203125,4.770900848302165,321.95177574202177,0.8079526226734348,0.8227580372250423,0.8153553299492385,True,Expand street trees and shade,13.604998552396015,52.25999830822789
Berlin,2283,1636,32.925,0.03863941852707232,0.8416459716929942,6,8221.0,0.0,0.9385403730390157,4337.0,6.943928983168089,4.754036682809835,912.2773527773141,0.8967851099830795,0.9323181049069373,0.9145516074450084,True,Increase green space,13.624995269656619,52.50999830462696
Berlin,2283,1637,33.045,0.09663474947998658,0.8670649002203672,6,22428.0,0.0,1.0,6182.0,6.651669362665804,4.752833074043072,1300.6979003243605,0.9065143824027073,0.9750423011844331,0.9407783417935702,True,Cooling measures in dense built-up areas,13.624995269705071,52.53000257682111
Berlin,2283,1638,34.566666,0.24567011004523223,0.1732999915482998,6,6239.0,0.037298026029413206,0.4516943995424565,1037.0,3.359246575342466,4.751629640865358,218.24091488139285,0.9741962774957699,0.9183587140439933,0.9462774957698816,True,Expand street trees and shade,13.624995269721385,52.54999921865839
Berlin,2283,1641,34.661667,0.07224528926181462,0.10761304170791813,6,673.0,0.00035994354405011485,0.10570319324277844,637.0,3.3563782051282054,4.750747493207334,134.08416273666174,0.9780033840947546,0.7542301184433164,0.8661167512690355,True,Expand street trees and shade,13.634997332440477,52.59999464166695
Berlin,2283,1645,33.373333,0.19972270459087235,0.16943788155798525,6,1273.0,0.0023027609113257046,0.21293696394195397,1372.0,3.6901536210680317,4.746526859011618,289.0534575602708,0.9259729272419628,0.8164128595600677,0.8711928934010152,True,Expand street trees and shade,13.634997332761289,52.67000196494857
Berlin,2284,1636,32.965,0.22242422727040798,0.5875508044514267,6,4086.0,0.0,0.822336395033861,2399.0,5.392510460251046,4.754334550973519,504.5921725278609,0.9001692047377327,0.8904399323181049,0.8953045685279188,True,Cooling measures in dense built-up areas,13.654994048748192,52.509998304702954
Berlin,2284,1637,33.02167,0.12252360610456432,0.6027968723647598,6,9076.0,0.0,0.8570227986521077,7643.0,5.651050634567579,4.753131163011515,1607.9926553420642,0.9048223350253807,0.9378172588832487,0.9213197969543148,True,Cooling measures in dense built-up areas,13.654994048796578,52.53000257689706
Berlin,2284,1638,34.026,0.10339727453869638,0.10323980635980783,5,1500.0,0.0018682067671979157,0.14196140103351104,343.0,3.586275659824047,4.064008843029328,84.39942265094247,0.9593908629441624,0.8286802030456852,0.8940355329949239,True,Expand street trees and shade,13.652918807183179,52.54915192723686
Berlin,2284,1642,34.233337,0.05639883001936072,0.17136302250632404,6,1069.0,0.08111828765052025,0.1906600100051751,757.0,2.634766355140187,4.749840392462612,159.37377626441133,0.9678510998307953,0.7986463620981388,0.883248730964467,True,Increase green space,13.664996111023195,52.61999891393625
Berlin,2285,1635,33.03667,0.04657227866654376,0.15663531196071392,6,802.0,0.0,0.1966669459770072,807.0,2.9152173913043478,4.757867243295691,169.6138119736618,0.9056683587140439,0.7736886632825719,0.8396785109983079,True,Increase green space,13.68500038234752,52.48999403291147
Berlin,2285,1637,32.07333,0.16834697056171613,0.5452052015001798,6,6996.0,0.0,0.7726976686531949,5580.0,5.327001080691643,4.75545947610999,1173.3881926724969,0.8147208121827412,0.9242808798646363,0.8695008460236887,True,Cooling measures in dense built-up areas,13.685000382532014,52.53000257729938
Berlin,2285,1642,33.551666,0.055055254257878744,0.10681979592534474,6,663.0,0.018042302183880095,0.1123430103715621,575.0,2.8624780316344465,4.750138671207769,121.04909767903695,0.9348561759729273,0.7521150592216582,0.8434856175972927,True,Increase green space,13.69499503900345,52.619998914012214
Berlin,2286,1635,32.926662,0.11014358801588937,0.22086896863563424,6,1166.0,0.0,0.26101226607471667,1414.0,3.1225479063165364,4.758163570049891,297.17347442622145,0.8980541455160744,0.8062605752961083,0.8521573604060914,True,Expand street trees and shade,13.71499916083687,52.48999403298764
Berlin,2286,1636,32.13667,0.023153731127445048,0.5478411655136077,6,5026.0,0.0,0.5910822178760085,5896.0,5.654412014254199,4.756960050501804,1239.4470286497447,0.8244500846023689,0.9039763113367174,0.8642131979695431,True,Increase green space,13.714999160929425,52.509998305181625
Berlin,2286,1637,32.835007,0.11072980331032689,0.4509368905358048,6,2940.0,0.0,0.4904065682719346,2496.0,4.9455411430887715,4.75575624643087,524.8376642249514,0.8874788494077834,0.8697123519458545,0.878595600676819,True,Expand street trees and shade,13.714999161022012,52.53000257737549
Berlin,2286,1639,34.153336,0.16726071269766996,0.28845905781699865,6,2651.0,0.0,0.3945229615494817,2493.0,3.969765561843169,4.7539504661888365,524.4059688317697,0.9640439932318104,0.8671742808798646,0.9156091370558375,True,Expand street trees and shade,13.714999161160785,52.56000135627162
Berlin,2286,1643,35.118,0.017989498931462435,0.3876157385659783,5,2005.0,0.0,0.49341002943644,1845.0,3.594186550976139,4.061806167551062,454.23142412341764,0.9843485617597293,0.8489847715736041,0.9166666666666667,True,Increase green space,13.727072782086505,52.63083979413266
Berlin,2286,1656,31.868326,0.004608385669696546,0.18835861942192586,6,1418.0,0.0,0.2285726228151146,1567.0,2.503238892466195,4.735552679296092,330.90118643404554,0.7918781725888325,0.8248730964467005,0.8083756345177665,True,Increase green space,13.74499794108963,52.86999891078197
Berlin,2287,1636,31.980001,0.1213377834907902,0.5262427493056738,6,5518.0,0.004825523259279366,0.6740093880789653,4826.0,5.434633084577114,4.757256115127781,1014.450322456598,0.8052030456852792,0.9103214890016921,0.8577622673434857,True,Targeted local cooling measures,13.74499793941928,52.50999830525781
Berlin,2287,1637,32.226665,0.13106393554809484,0.6047716117999319,3,2986.0,0.0,0.620535262804852,2314.0,6.10367055771725,2.378176617226734,973.0143603457121,0.8346023688663282,0.871404399323181,0.8530033840947546,True,Cooling measures in dense built-up areas,13.74499795032228,52.525005638570555
Berlin,2287,1638,32.40166,0.16000029225460574,0.4699711950694272,6,4369.0,0.0,0.5709097935254209,4469.0,4.948541292639138,4.755451094035428,939.7636336971875,0.8538494077834179,0.8950930626057529,0.8744712351945854,True,Cooling measures in dense built-up areas,13.744997939558557,52.53999708415408
Berlin,2287,1643,33.21667,0.08173376712601675,0.7633144361673221,6,2179.0,0.0,0.9399096792280064,2022.0,3.833213744315311,4.750131352763455,425.6724393155303,0.9179357021996616,0.8532148900169205,0.885575296108291,True,Cooling measures in dense built-up areas,13.754992598387844,52.62999342086643
Berlin,2287,1644,33.881664,0.15679405004393066,0.1313091764294705,6,713.0,0.0,0.1300764171244069,940.0,2.6325778732545646,4.748926135721055,197.9394863460589,0.9517766497461929,0.7622673434856176,0.8570219966159053,True,Expand street trees and shade,13.754992598391498,52.64999769305945
Berlin,2288,1636,31.879995,0.06987127270443692,0.45938713249609764,6,3848.0,0.003425925894470444,0.6158107202713938,4439.0,5.734709197475203,4.757551696128175,933.0429354267615,0.7939932318104906,0.8857868020304569,0.8398900169204737,True,Increase green space,13.774996717909374,52.509998305334015
Berlin,2288,1637,32.109997,0.09623692879878276,0.7524347191770854,3,3070.0,0.0,1.0,3159.0,6.790025324469768,2.378324490965948,1328.2460034362189,0.8185279187817259,0.8741539763113367,0.8463409475465313,True,Cooling measures in dense built-up areas,13.774996728899358,52.52500563856798
Berlin,2289,1624,31.54667,0.28578293405243377,0.20136748102088609,6,845.0,0.0,0.2345241622031378,1296.0,2.8299203821656054,4.770864849581978,271.6488605024213,0.7533840947546532,0.7791878172588832,0.7662859560067682,True,Expand street trees and shade,13.784991378018365,52.28999708758523
Berlin,2291,1635,31.605003,0.23760165038115108,0.41389694990295306,4,860.0,0.024765839340312623,0.5986642211714812,1136.0,3.6400621669627,3.3799202194654607,336.1026078241752,0.7626903553299492,0.7808798646362098,0.7717851099830795,True,Targeted local cooling measures,13.852039745984671,52.48795411648646
Berlin,2291,1636,32.57,0.035218762886398816,0.24008671684766666,5,1159.0,0.0017992007141712997,0.3271833910655272,1140.0,5.26458174904943,4.069697810694617,280.1190783758523,0.8692893401015228,0.8058375634517766,0.8375634517766497,True,Increase green space,13.86291729668316,52.5008438054586
Berlin,2294,1641,32.11333,0.018717692366196453,0.14180128060528305,6,969.0,0.0,0.1800278684218518,895.0,2.5038359469240046,4.752481303271483,188.32267670025456,0.8197969543147208,0.7918781725888325,0.8058375634517767,True,Increase green space,13.954997098649608,52.59000013544988
Berlin,2299,1627,32.89333,0.19633934574894027,0.47199038621350936,3,1433.0,0.0,0.7168490182426219,1256.0,5.154191235059761,2.3855363138638945,526.5063427039746,0.893824027072758,0.8261421319796954,0.8599830795262267,True,Cooling measures in dense built-up areas,14.084994445547757,52.33500319801957
Berlin,2299,1628,32.743332,0.13995747399043534,0.7451769117742755,6,5202.0,0.03415754759676512,0.9099955804411787,3568.0,7.707819506726457,4.770174420797198,747.9810349164782,0.8798646362098139,0.9069373942470389,0.8934010152284264,True,Targeted local cooling measures,14.0849944337826,52.34999464614724
Berlin,2299,1629,33.181667,0.24759199232356002,0.3983888993796944,6,4660.0,0.0,0.5320366198632113,2875.0,6.275931082492169,4.768975657905126,602.8548280036524,0.9128595600676819,0.9005922165820643,0.9067258883248731,True,Expand street trees and shade,14.084994433782358,52.369998918341864
Berlin,2301,1637,31.963327,0.1318044519560919,0.20706273488849355,6,1214.0,0.002254555277006886,0.41047586424601024,886.0,3.7049519230769232,4.759228195076672,186.16463924057047,0.8041455160744501,0.8111252115059222,0.8076353637901861,True,Expand street trees and shade,14.154994045339313,52.50999830597288
Budapest,2491,1354,38.79333,0.01142945530752333,0.3852176706658182,6,2900.0,0.005828338017856015,0.4035589224029265,1980.0,3.920081135902637,5.10145718517813,388.12439821169716,0.7799295774647887,0.8585680751173709,0.8192488262910798,True,Increase green space,18.74499681514857,47.139995638920134
Budapest,2491,1362,38.789997,0.042016013849404954,0.37241112768831686,3,1568.0,0.0,0.4320343220763417,1012.0,2.9306646825396827,2.545783880420859,397.5199968006319,0.778755868544601,0.7846244131455399,0.7816901408450705,True,Increase green space,18.764993682862634,47.28500016848835
Budapest,2493,1357,39.17334,0.008277476698138704,0.2524033836948024,6,1426.0,0.0,0.2753164299835563,1160.0,2.9229741379310346,5.099058987652547,227.49295562356872,0.8151408450704225,0.7740610328638498,0.7946009389671361,True,Increase green space,18.804994777676708,47.18999869025436
Budapest,2494,1355,39.692005,0.0025759459052971936,0.2682753875740017,5,1606.0,0.0,0.33420236097682227,1185.0,2.5,4.326466943455203,273.89554005320457,0.8609154929577465,0.7881455399061033,0.8245305164319249,True,Increase green space,18.827050240653623,47.150892654336246
Budapest,2501,1375,39.626667,0.032909895555680836,0.9670901044443195,3,56261.0,0.0,1.0,2269.0,17.198783605112386,2.7704409118633606,819.0032100247544,0.8556338028169014,0.9988262910798122,0.9272300469483568,True,Increase green space,19.068190395416458,47.498604463847556
Budapest,2501,1376,38.597992,0.1433257321068997,0.7947614743059042,5,48376.0,0.0,1.0,2228.0,14.0646316262354,4.3128129368613894,516.600194030536,0.7629107981220657,0.9976525821596244,0.880281690140845,True,Cooling measures in dense built-up areas,19.07705145802081,47.51089082759868
Budapest,2502,1373,38.583996,0.0658736014156626,0.827480036848687,5,4671.0,0.02063906227694903,0.9584633565913488,1075.0,9.40099534883721,4.312762385904182,249.2601965537277,0.7617370892018779,0.9055164319248826,0.8336267605633803,True,Increase green space,19.092943160289344,47.46088862049705
Budapest,2502,1375,39.218006,0.2951588857584736,0.6736328430058807,5,23795.0,0.0,1.0,1596.0,10.619624060150375,4.311558847171136,370.1677413140619,0.8215962441314554,0.9876760563380281,0.9046361502347418,True,Cooling measures in dense built-up areas,19.097047921555127,47.49088715741456
Budapest,2503,1372,39.025005,0.025982577031403154,0.9650181439156923,6,35707.0,0.0,1.0,6977.0,7.604049018202666,5.087105322441996,1371.506890022632,0.8022300469483568,0.994131455399061,0.8981807511737089,True,Increase green space,19.114992340628138,47.439998688153786
Budapest,2503,1375,39.099995,0.06022143233853361,0.724224470907807,6,18972.0,0.0,1.0,1439.0,8.918443363446837,5.082311224840833,283.13889809946977,0.8095657276995305,0.9800469483568075,0.894806338028169,True,Increase green space,19.124994268777456,47.489994110341726
Budapest,2503,1379,38.934998,0.11086528052613435,0.6109747362969989,6,13698.0,0.0,0.686090913006676,4802.0,6.986609745939192,5.080714479413014,945.1426604383378,0.7940140845070423,0.9700704225352113,0.8820422535211268,True,Cooling measures in dense built-up areas,19.13499619691333,47.560001434148234
Budapest,2503,1384,39.32,0.017609469492445025,0.26903570028959184,5,3813.0,0.0,0.2540756798013012,1497.0,5.43979068197164,4.30528056975555,347.7125301696652,0.8315727699530516,0.8843896713615024,0.857981220657277,True,Increase green space,19.15294004587441,47.650889717888624
Budapest,2504,1374,38.498337,0.11286606985636631,0.8536648646747861,6,19798.0,0.0,1.0,2784.0,9.049260057471264,5.085633588144561,547.4244165938255,0.7535211267605634,0.9812206572769953,0.8673708920187793,True,Cooling measures in dense built-up areas,19.144991120324427,47.46999746717688
Budapest,2504,1383,38.92833,0.006019598045507956,0.5568526438837558,6,12357.0,0.0,0.5537964183382904,4822.0,5.649981269510926,5.077126389550936,949.7498447003401,0.7934272300469484,0.9636150234741784,0.8785211267605634,True,Increase green space,19.17498989972145,47.629993498852244
Budapest,2506,1379,38.596,0.08720139187404011,0.3392673451860809,5,3015.0,0.009098439103469842,0.5277264349917417,1699.0,4.604128386336867,4.310364237534628,394.16622502690547,0.7623239436619719,0.8620892018779343,0.812206572769953,True,Expand street trees and shade,19.2129435250517,47.55910774945101
Budapest,2508,1372,40.523335,0.0062158141953023716,0.9626905425315156,6,1362.0,0.007586113667220253,0.9951354612083256,990.0,6.069211324570273,5.0882901162091025,194.56437769660303,0.9231220657276995,0.7661384976525821,0.8446302816901408,True,Increase green space,19.244996803197054,47.42999655320164
Budapest,2511,1375,38.661995,0.03133452673039132,0.28907552218487026,5,2661.0,0.0,0.22619375986571683,992.0,5.502599164926931,4.314334452011511,229.9311773424267,0.7681924882629108,0.8491784037558685,0.8086854460093896,True,Increase green space,19.3370483807667,47.470893202915924
Budapest,2512,1375,38.520004,0.03664152131000911,0.13826693642511534,4,2069.0,0.0,0.15347851203913104,605.0,4.438543046357616,3.5444166814740647,170.69099216302934,0.7582159624413145,0.8218896713615024,0.7900528169014085,True,Increase green space,19.359994860126402,47.46999733719046
Budapest,2515,1370,39.309998,0.05171412678045821,0.28753694679263847,4,1325.0,0.011250989193776696,0.2805722578905429,757.0,2.85628,3.5460663135722243,213.47598523543004,0.8301056338028169,0.761443661971831,0.795774647887324,True,Increase green space,19.42216960300177,47.37781498584724
Budapest,2516,1369,38.87666,0.049262823857986034,0.7927312270624208,3,5854.0,0.0,0.9609901405882849,2758.0,5.414581066376496,2.5466528943551414,1082.990149978164,0.7875586854460094,0.9231220657276995,0.8553403755868545,True,Increase green space,19.44499420186759,47.35499223419841
Budapest,2516,1386,38.97,0.024238198415546724,0.3556780821843634,6,3924.0,0.0,0.4359573123298506,1984.0,3.5726915322580646,5.077147669209042,390.77059192747157,0.7978286384976526,0.8879107981220657,0.8428697183098592,True,Increase green space,19.504991735891835,47.659999907325606
Budapest,2517,1375,39.946667,0.10825077388798161,0.1424410616192778,6,1274.0,0.0,0.20030225424503287,813.0,2.5450803461063036,5.087891290261241,159.79114993202933,0.880868544600939,0.7564553990610329,0.818661971830986,True,Expand street trees and shade,19.49499679639265,47.459995332849566
Budapest,2517,1387,38.944992,0.007972157479922469,0.42149082173551644,4,3286.0,0.0,0.45757607430181374,1872.0,3.83655264564404,3.53824224419664,529.0762674801082,0.7946009389671361,0.8720657276995305,0.8333333333333333,True,Increase green space,19.53499261197685,47.67217476223371
Budapest,2518,1367,39.146656,0.16217593984558004,0.41060057830523994,3,2028.0,0.0,0.6285334393747807,1074.0,3.21984990619137,2.5478479954472473,421.5322114659634,0.8133802816901409,0.818368544600939,0.81587441314554,True,Add water features,19.49499681993057,47.31499894824708
Budapest,2518,1375,38.950005,0.079932808375347,0.2724102143331366,4,2287.0,0.0,0.5139908216071193,1619.0,3.244860853432282,3.5429386668542286,456.9652913121153,0.7963615023474179,0.8368544600938967,0.8166079812206573,True,Expand street trees and shade,19.51999089245156,47.45999520167626
Budapest,2519,1364,39.726006,0.11881642167492626,0.38360869641138756,5,2153.0,0.0,0.41804211861798474,1676.0,3.009784688995215,4.323562391226007,387.64330159804786,0.863849765258216,0.8251173708920188,0.8444835680751174,True,Expand street trees and shade,19.507045051729108,47.25910236871847
Budapest,2519,1367,39.498005,0.32098677999662045,0.2706650106683043,5,2382.0,0.0,0.30381252921646046,1456.0,3.7153745704467354,4.320513179781,336.99700461828064,0.8450704225352113,0.840962441314554,0.8430164319248826,True,Expand street trees and shade,19.517044613299852,47.309106788590135
Budapest,2519,1373,40.774006,0.004209908816072471,0.231224784274194,5,1773.0,0.0,0.2838330318289139,1157.0,2.9765773552290407,4.317217708029945,267.99667708394725,0.9413145539906104,0.7975352112676056,0.869424882629108,True,Increase green space,19.53704439707844,47.419107162932356
Budapest,2519,1374,39.888,0.20650422265510465,0.25438470692266313,5,1506.0,0.0,0.3136767482715634,1040.0,3.222642237222758,4.316299574625945,240.94713122180067,0.8761737089201878,0.7793427230046949,0.8277582159624413,True,Expand street trees and shade,19.542945203377307,47.44089480100526
Budapest,2519,1375,39.127502,0.28059995108136576,0.38599243312638987,4,2285.0,0.0,0.4540694993503591,1635.0,3.7421787025703797,3.544200580818278,461.31700582886157,0.812206572769953,0.8362676056338029,0.824237089201878,True,Expand street trees and shade,19.54217818374402,47.45781830011121
Budapest,2520,1365,40.81667,0.039891445497429796,0.6350853908757755,3,2194.0,0.0,0.7898237908720273,2306.0,4.709934924078091,2.7739795792098834,831.2966747422205,0.9448356807511737,0.8286384976525821,0.886737089201878,True,Increase green space,19.54179686324504,47.27139699408403
Budapest,2520,1366,40.874004,0.1345970095530219,0.6427793914896077,5,5323.0,0.0,0.7068812046817134,3804.0,5.238201419931634,4.32234956844474,880.0768979378844,0.9477699530516432,0.9137323943661971,0.9307511737089202,True,Cooling measures in dense built-up areas,19.54294574605734,47.29089299216542
Budapest,2521,1366,40.462006,0.05037026468063156,0.31645347560231435,5,2016.0,0.0,0.39651010200511394,1831.0,3.9521905805038333,4.321496883126006,423.6957816976428,0.9184272300469484,0.8163145539906104,0.8673708920187794,True,Increase green space,19.56704757724235,47.289102340871146
Budapest,2522,1364,39.203335,0.13950784289564072,0.266589292420159,6,2040.0,0.004073598257553448,0.29664813576024746,1550.0,3.763226649248857,5.099613148400105,303.94462381647116,0.8192488262910798,0.8192488262910798,0.8192488262910798,True,Expand street trees and shade,19.58499356949486,47.24999625035455
Budapest,2522,1373,39.7,0.18980827136065304,0.15784670540785425,6,1288.0,0.0,0.19172908983994774,931.0,3.7497954790096877,5.091157393603081,182.86608093668045,0.8620892018779343,0.7576291079812206,0.8098591549295775,True,Expand street trees and shade,19.614992348781353,47.40999991063883
Budapest,2523,1363,39.502495,0.2251008074546811,0.6648890170560737,4,3469.0,0.0,0.7391899507009237,2714.0,5.097140751658069,3.5514717000127196,764.1902369629694,0.8456572769953051,0.8773474178403756,0.8615023474178404,True,Cooling measures in dense built-up areas,19.609994859543043,47.22999947617362
Budapest,2523,1364,39.656666,0.07878923514383034,0.6014009373249073,6,4563.0,0.0044803915150882145,0.6951673853392825,3216.0,4.774498442367601,5.099753484764557,630.6187170826503,0.8585680751173709,0.903169014084507,0.880868544600939,True,Targeted local cooling measures,19.614992349278257,47.2499962504402
Budapest,2523,1370,41.389996,0.030701446963955138,0.24319231068068578,5,1416.0,0.0,0.2901898807684622,1115.0,2.6586714542190304,4.319982562218324,258.10289369025696,0.9665492957746479,0.7734741784037559,0.8700117370892019,True,Increase green space,19.632942543986925,47.35910008897337
Budapest,2523,1378,39.685005,0.05176643215779774,0.30714575265239263,4,1862.0,0.0,0.6919820047776326,1765.0,3.7548654836863196,3.542198918201178,498.27805856152014,0.8597417840375586,0.8034037558685446,0.8315727699530516,True,Increase green space,19.6599902815883,47.49999611663599
Budapest,2524,1363,39.76167,0.1706616474073052,0.2426477237175669,6,2272.0,0.0,0.2807881340358041,1486.0,4.394568733153639,5.100919294372058,291.3200374762903,0.8661971830985915,0.8345070422535211,0.8503521126760563,True,Expand street trees and shade,19.634996180341602,47.229999608450676
Budapest,2524,1375,38.708008,0.19160256135802092,0.2908564638520207,5,2239.0,0.0,0.3956315299948684,1726.0,3.1640372309482254,4.316776729491216,399.8353651715107,0.7717136150234741,0.8327464788732394,0.8022300469483568,True,Expand street trees and shade,19.677044503265535,47.440894859854055
Budapest,2525,1371,38.57,0.13290170567190854,0.3465284887638915,4,2166.0,0.0,0.4553396413673911,1570.0,2.921607142857143,3.547897915803768,442.5155506889268,0.761150234741784,0.8262910798122066,0.7937206572769953,True,Expand street trees and shade,19.689996690305147,47.369998864990016
Budapest,2525,1376,40.511673,0.0037358641015243304,0.17884516057890132,6,1331.0,0.0,0.19018121278330635,1019.0,2.842253937007874,5.086763615445743,200.32383594666155,0.9213615023474179,0.7626173708920188,0.8419894366197183,True,Increase green space,19.70499609628753,47.45999533304673
Budapest,2526,1362,39.20399,0.16835517442974504,0.3291680990711892,5,2422.0,0.009954483198440637,0.35492640018010435,1589.0,4.483373266078184,4.326060061823961,367.30881617257137,0.8198356807511737,0.8415492957746479,0.8306924882629108,True,Expand street trees and shade,19.68294546433146,47.210891822427556
Budapest,2526,1373,39.101997,0.42676483139769433,0.2539411768855695,5,1610.0,0.0,0.3795361127710371,1472.0,4.396829436038514,4.319620872731096,340.77064709369336,0.8104460093896714,0.7887323943661971,0.7995892018779343,True,Expand street trees and shade,19.722940744237,47.40089146792604
Budapest,2526,1374,40.235,0.02428015206020531,0.440220819680562,6,4170.0,0.0,0.5064533008580775,3126.0,5.126905757478289,5.0911392651834255,614.0079532645382,0.897887323943662,0.8943661971830986,0.8961267605633803,True,Increase green space,19.724992960950573,47.42000204784859
Budapest,2527,1373,39.48401,0.15571323490128722,0.30521146745588484,5,2028.0,0.0,0.3434864897252325,1771.0,4.236947129050597,4.319836803568755,409.9691910900246,0.8438967136150235,0.818368544600939,0.8311326291079812,True,Expand street trees and shade,19.747048308728814,47.399104069304364
Budapest,2527,1374,39.524998,0.0016640630589620515,0.3169316525442029,6,3650.0,0.0,0.33992798321465584,2184.0,5.560608974358975,5.091280091959689,428.9687388146337,0.8497652582159625,0.8826291079812206,0.8661971830985915,True,Increase green space,19.754991740730638,47.42000204793398
Budapest,2528,1369,40.905,0.08012616609185272,0.39662594538718077,4,1737.0,0.0,0.4255668366298003,1718.0,3.004604190919674,3.5470008190919664,484.35286249519635,0.948943661971831,0.7940140845070423,0.8714788732394366,True,Expand street trees and shade,19.75999638486984,47.329997949094185
Budapest,2528,1370,39.735,0.23584212742879873,0.2783237569693179,4,1402.0,0.0,0.33418638805781,1516.0,2.567346534653465,3.546610285111677,427.45040422513284,0.8650234741784038,0.7717136150234741,0.818368544600939,True,Expand street trees and shade,19.767812086685183,47.34217968416665
Budapest,2532,1370,41.024994,0.027376859962387232,0.7348229019678093,2,2103.0,0.0,0.8649531526324168,1655.0,4.173341389728097,1.7735608977826396,933.1509293360785,0.954225352112676,0.823943661971831,0.8890845070422535,True,Increase green space,19.86999702059285,47.33500301445015
Budapest,2535,1370,40.472004,0.0329827730660725,0.4715560300653129,5,2690.0,0.0,0.5961104578282705,2509.0,3.3001355661881977,4.322280440980892,580.480613014229,0.9190140845070423,0.8509389671361502,0.8849765258215962,True,Increase green space,19.947047612023248,47.32910092792184
Lisboa,1330,967,39.909996,0.37157864841918153,0.379080373239637,4,2408.0,0.0,0.6341963448682163,1712.0,5.888379821958457,3.7580681274056085,455.5532103091179,0.7537117903930131,0.8235807860262009,0.788646288209607,True,Add water features,-9.160000748370441,38.60999680520237
Lisboa,1330,968,39.980003,0.3029402733940734,0.6314425894636456,4,14488.0,0.0,0.7738597879679732,2903.0,8.537430244574578,3.758806327543526,772.3196533770824,0.7676855895196506,0.9519650655021834,0.859825327510917,True,Cooling measures in dense built-up areas,-9.165003216183587,38.62765542086318
Lisboa,1330,969,39.910004,0.08367322578028225,0.7653556143976804,3,11331.0,0.0,0.9291647469477743,3474.0,9.959113158652462,2.8797197933437926,1206.3673722803974,0.754585152838428,0.9362445414847161,0.8454148471615721,True,Cooling measures in dense built-up areas,-9.171741035891603,38.64152462980416
Lisboa,1331,967,40.082504,0.36120259045719116,0.41818853032768216,4,4305.0,0.004760697483980957,0.5940093631457645,2261.0,6.0472334682861,3.7602196428817254,601.2946622094751,0.7860262008733624,0.8716157205240175,0.8288209606986899,True,Targeted local cooling measures,-9.140004105331304,38.60999680553098
Lisboa,1332,963,39.993332,0.4592904297058547,0.406635868834573,6,2315.0,0.0,0.48613044814495554,2347.0,4.747377398720682,5.520970308910925,425.1064339563479,0.7703056768558952,0.8183406113537118,0.7943231441048035,True,Expand street trees and shade,-9.09499878751131,38.5499994255633
Lisboa,1332,965,39.897507,0.1054135296865959,0.6018477190703473,4,2492.0,0.0,0.7766362898368265,2104.0,5.48286530223703,3.759737869653084,559.6134818287582,0.7519650655021834,0.8279475982532751,0.7899563318777293,True,Cooling measures in dense built-up areas,-9.105005658495422,38.58234081995394
Lisboa,1333,964,40.012,0.20101147599277355,0.6489010301789845,5,7927.0,0.0,0.7101927974143314,4693.0,6.132877559726962,4.638605727535773,1011.7264272195696,0.7737991266375546,0.9091703056768559,0.8414847161572052,True,Cooling measures in dense built-up areas,-9.077026244795583,38.5690485100952
Lisboa,1333,965,40.565002,0.3570529693438401,0.40702051018176255,4,2034.0,0.0034500255244768988,0.46804626954186274,1506.0,4.578296445338698,3.7586125622133504,400.67976549122034,0.8305676855895197,0.8043668122270743,0.817467248908297,True,Expand street trees and shade,-9.079998917674674,38.59000016246251
Lisboa,1333,966,40.206665,0.14580433236062376,0.8015204192082371,3,5540.0,0.0,0.9217674859721562,1941.0,7.38833590932509,2.8802024380264206,673.9109634703375,0.7991266375545851,0.8873362445414847,0.8432314410480349,True,Cooling measures in dense built-up areas,-9.091738913456693,38.601521965240465
Lisboa,1333,967,40.405,0.09735989959417589,0.5861320527308886,4,18301.0,0.0,0.6842746948949603,1944.0,7.085164948453608,3.7600909979046406,517.0087641717499,0.8131004366812227,0.9624454148471616,0.8877729257641922,True,Cooling measures in dense built-up areas,-9.090001053839783,38.61999894196913
Lisboa,1334,963,40.015,0.0441467450400018,0.861283310174179,4,16875.0,0.0,0.9260295808241019,6299.0,7.567636969985708,3.75928676017865,1675.5838013540251,0.7755458515283843,0.9580786026200874,0.8668122270742358,True,Increase green space,-9.050000138470313,38.56000138328421
Lisboa,1334,964,41.39334,0.5632832694844121,0.2999471099302213,3,4880.0,0.0,0.3063777365593774,1920.0,6.966466909848879,2.7600270326172196,695.6453604656703,0.8995633187772926,0.879475982532751,0.8895196506550218,True,Expand street trees and shade,-9.055004525269172,38.57499349509196
Lisboa,1335,963,40.501995,0.5626015480244193,0.3223386754585095,5,5716.0,0.0,0.3581668176688748,2150.0,5.986431574030827,4.641161700723956,463.2460876475453,0.8200873362445414,0.8890829694323145,0.854585152838428,True,Expand street trees and shade,-9.02703070329209,38.559054370396616
Lisboa,1335,964,41.058002,0.36832237985568755,0.30169831278284126,5,1571.0,0.0,0.45696215945806457,1233.0,4.143440065681445,4.640414237616724,265.70903735379835,0.8751091703056768,0.7860262008733624,0.8305676855895197,True,Expand street trees and shade,-9.032975675749402,38.58094668795205
Lisboa,1335,968,40.186657,0.08851857215581366,0.771527646301327,3,28181.0,0.0,0.9491629491121051,4285.0,9.499147793602615,2.8787549430400645,1488.4907137927107,0.7956331877729258,0.9799126637554585,0.8877729257641922,True,Cooling measures in dense built-up areas,-9.048264405760158,38.648472396446245
Lisboa,1336,962,41.182495,0.27763411410320094,0.3897109881583126,4,1229.0,0.0,0.40911693896428314,1382.0,4.031873638344226,3.7616998884930566,367.38709651652505,0.8820960698689956,0.7624454148471616,0.8222707423580786,True,Expand street trees and shade,-9.000004716087942,38.54999924700464
Lisboa,1336,965,41.484997,0.2975324793576201,0.4252764540932697,6,2931.0,0.0,0.43445440603215074,2843.0,3.442914608327452,5.517012298944657,515.3151463055166,0.9100436681222708,0.840174672489083,0.8751091703056768,True,Expand street trees and shade,-9.015004076146443,38.599994847192896
Lisboa,1336,966,40.020004,0.17476925396006346,0.4914312210210705,4,2753.0,0.0,0.5205438631012543,2214.0,2.9128849637681156,3.758079894933778,589.130636361581,0.7781659388646288,0.8331877729257642,0.8056768558951966,True,Expand street trees and shade,-9.020001359234552,38.61999894145027
Lisboa,1336,967,40.8925,0.28109702396398434,0.38786321947514035,4,6687.0,0.0,0.42569680455616266,1633.0,4.367020884520884,3.758819718355329,434.44488492640954,0.8585152838427947,0.8951965065502183,0.8768558951965065,True,Expand street trees and shade,-9.025003829568556,38.6376539775946
Lisboa,1336,968,39.96999,0.046607744433439686,0.6097226313872199,3,13549.0,0.021967381187737427,0.7517988614329179,2327.0,6.917194492254733,2.879727116821056,808.0626759415962,0.765938864628821,0.948471615720524,0.8572052401746725,True,Increase green space,-9.031741642053833,38.65152444412477
Lisboa,1337,962,39.927498,0.3818374015409013,0.33217097022677855,4,1678.0,0.0,0.36637118413408065,1608.0,5.043423028785982,3.7596065754638555,427.7043269618197,0.7606986899563318,0.7912663755458516,0.7759825327510916,True,Expand street trees and shade,-8.980008073103766,38.54999924659162
Lisboa,1337,967,41.516003,0.15778789654883582,0.4542764823907368,5,3862.0,0.0,0.45657724548069334,2652.0,4.5947296786389416,4.6386022716311786,571.7239471508766,0.9109170305676856,0.862882096069869,0.8868995633187773,True,Expand street trees and shade,-9.002976755080288,38.64094396489334
Lisboa,1337,968,40.376667,0.04136312278911159,0.15977459479823392,3,3336.0,0.24494385527200865,0.3424235878989575,404.0,3.685260416666667,2.878681555812153,140.3420253915584,0.8096069868995633,0.8489082969432314,0.8292576419213974,True,Increase green space,-9.011742639150688,38.658472308680714
Lisboa,1338,967,41.41333,0.09981065516636385,0.39245288387671895,3,4672.0,0.0,0.3806155654999572,1309.0,5.168965785381026,2.8788095255848627,454.701844066624,0.9004366812227074,0.8786026200873363,0.8895196506550218,True,Expand street trees and shade,-8.978272373404932,38.64847233062408
Lisboa,1338,968,40.140007,0.053079623957762376,0.3832626306851716,5,9411.0,0.04625220133413337,0.38538524247466294,2346.0,6.752013710368466,4.635889438767695,506.05175791759393,0.7930131004366813,0.9213973799126638,0.8572052401746726,True,Increase green space,-8.987030629586306,38.66094857338395
Lisboa,1339,963,42.618004,0.13531137576831545,0.19865386746778935,5,2689.0,0.0,0.26140105817007664,1131.0,4.112075134168157,4.638623440075644,243.82233535679202,0.9737991266375546,0.8314410480349345,0.9026200873362445,True,Expand street trees and shade,-8.93702685368527,38.57904919611054
Lisboa,1339,969,40.2,0.03996033431376232,0.2644802741802355,3,1112.0,0.09590065820305672,0.27630047119515705,1016.0,3.323053892215569,2.8794601133406954,352.8439221272129,0.7965065502183406,0.7537117903930131,0.7751091703056768,True,Increase green space,-8.971744244896044,38.68152290153397
Lisboa,1339,971,41.995003,0.026528940772333195,0.3494178088299854,4,7695.0,0.0,0.322589957452787,1566.0,7.521542930923177,3.7560474616039152,416.92763896313585,0.9353711790393013,0.9056768558951965,0.9205240174672489,True,Increase green space,-8.980008073044077,38.71999741450187
Lisboa,1340,964,42.972496,0.20633798683254284,0.3293271310613175,4,1162.0,0.0,0.3606401406044773,1642.0,3.6826934795856188,3.760781310929909,436.6114017924619,0.9834061135371179,0.7580786026200873,0.8707423580786027,True,Expand street trees and shade,-8.920002885366737,38.59999466926904
Lisboa,1340,966,42.525,0.10820114811476673,0.23873822528706934,4,1921.0,0.0,0.24399933426063664,1022.0,2.796939182452642,3.7578015120376635,271.9675312083798,0.965938864628821,0.8008733624454148,0.8834061135371178,True,Expand street trees and shade,-8.93000502145164,38.639995583828636
Lisboa,1340,969,41.126,0.07055964269836404,0.48286402073082996,5,3473.0,0.042479168318320215,0.528523711556671,2014.0,6.1894508237643535,4.637268121374514,434.30742999674527,0.880349344978166,0.8532751091703057,0.8668122270742358,True,Expand street trees and shade,-8.94702917493914,38.68905078046548
Lisboa,1340,970,41.095,0.12847143435006708,0.4736435474877021,4,11136.0,0.0,0.4164155343853623,1276.0,7.557337042925278,3.7584269660785505,339.5037369400706,0.8777292576419214,0.9353711790393013,0.9065502183406113,True,Expand street trees and shade,-8.950001664543084,38.7099952790149
Lisboa,1340,971,42.117493,0.11114050585994795,0.29601632303758985,4,4417.0,0.0,0.30633550003171345,953.0,5.7882784272051016,3.757042538871344,253.65696292762536,0.9406113537117904,0.874235807860262,0.9074235807860263,True,Expand street trees and shade,-8.957661802871433,38.72233838841922
Lisboa,1341,961,39.9775,0.34003083852595245,0.29787831955508615,4,1763.0,0.0,0.31396129933174455,918.0,4.866230936819172,3.7607154284180004,244.1024899313294,0.7668122270742358,0.7973799126637554,0.7820960698689956,True,Expand street trees and shade,-8.885004442821776,38.552342732685084
Lisboa,1341,962,40.094,0.24153642952029575,0.39803456149902794,5,6760.0,0.006230005450439667,0.436688203648265,2121.0,6.2432184992921185,4.6411825960159305,456.99559457555114,0.7868995633187773,0.896943231441048,0.8419213973799127,True,Expand street trees and shade,-8.887031315288123,38.56904887498119
Lisboa,1341,964,42.986664,0.1300690934631128,0.2534370147625907,3,1154.0,0.0,0.25301684329688123,1001.0,3.1394954591321893,2.879290680875876,347.6550688850552,0.9842794759825327,0.7563318777292577,0.8703056768558952,True,Expand street trees and shade,-8.89827083256815,38.608468505166115
Lisboa,1341,965,42.60749,0.03201588293464394,0.42527353657310996,4,7807.0,0.0,0.488380089194823,1442.0,6.314454482279361,3.758154538936222,383.69896316402424,0.9729257641921397,0.9074235807860263,0.9401746724890829,True,Increase green space,-8.905003485971415,38.622337043857506
Lisboa,1341,966,41.755005,0.10763399912699836,0.38855921856800824,4,12481.0,0.0,0.43898207245799653,1353.0,7.268187869822485,3.757832493209679,360.04798043681865,0.925764192139738,0.9449781659388646,0.9353711790393013,True,Expand street trees and shade,-8.910000749045574,38.6399955837862
Lisboa,1341,970,42.215004,0.24787010765531767,0.27655268414142564,4,2054.0,0.0,0.37389288673716986,885.0,3.780673515981735,3.7563339371342375,235.60205636966865,0.9467248908296944,0.8061135371179039,0.8764192139737992,True,Expand street trees and shade,-8.930005021558667,38.70999527860343
Lisboa,1342,959,40.017494,0.353969682694677,0.3078806015871764,4,2234.0,0.01887088495499632,0.4219684418165957,811.0,4.663962732919255,3.760438795268128,215.6663209145979,0.777292576419214,0.8122270742358079,0.794759825327511,True,Expand street trees and shade,-8.850003190658045,38.52000046720122
Lisboa,1342,960,40.472004,0.3371334491591232,0.3758295451606914,5,11454.0,0.0,0.4246957062292374,1403.0,8.54271948608137,4.642196326191924,302.22763136579914,0.8157205240174672,0.9371179039301311,0.8764192139737992,True,Expand street trees and shade,-8.857032458313563,38.53904993941682
Lisboa,1342,964,43.129997,0.02191503654708638,0.23349742953052974,5,1111.0,0.0,0.23491156966779414,1149.0,2.6146690203000884,4.637821565882841,247.7456244656709,0.9895196506550218,0.7528384279475983,0.87117903930131,True,Increase green space,-8.877029357223654,38.60904809939345
Lisboa,1343,959,41.367508,0.2134899739348705,0.3627457603051915,4,1304.0,0.0,0.3827860145420898,1001.0,4.586342685370742,3.760260841630301,266.2049368803909,0.8978165938864628,0.7668122270742358,0.8323144104803493,True,Expand street trees and shade,-8.829998918379179,38.53000260370373
Lisboa,1343,960,41.627502,0.30731810966833695,0.2944538867670156,4,1707.0,0.0,0.3384285591297818,924.0,4.8364956331877735,3.761004030217542,245.67907733578113,0.9179039301310044,0.7930131004366813,0.8554585152838428,True,Expand street trees and shade,-8.832344274223967,38.54765618300384
Lisboa,1344,959,40.8125,0.228167756174371,0.3183326790757361,4,2226.0,0.05081920042842113,0.31244762965916006,1732.0,3.6633391103408433,3.762423022124801,460.34164415192885,0.8524017467248908,0.8113537117903931,0.8318777292576419,True,Expand street trees and shade,-8.810002275340326,38.53000260403106
Lisboa,1349,983,39.924995,0.15523012586630985,0.387950133913104,4,5561.0,0.005061764075538937,0.42390925530902845,1435.0,6.027942212825933,3.7519889119858716,382.46381683480934,0.7580786026200873,0.8882096069868995,0.8231441048034934,True,Expand street trees and shade,-8.817665997806035,38.97233479864255
Lisboa,1351,985,39.949997,0.16869582828533797,0.3340286512592672,4,1268.0,0.0,0.3691298277847086,797.0,3.87204804045512,3.7521501171533918,212.4115440787994,0.7633187772925765,0.7641921397379913,0.7637554585152839,True,Expand street trees and shade,-8.78000349582262,39.02000046436648
Lisboa,1354,965,41.620003,0.3813485660271641,0.19078142061118583,5,1206.0,0.004960874992199057,0.18473546798495172,0.0,,4.638247695757035,0.0,0.9170305676855895,0.759825327510917,0.8384279475982532,True,Expand street trees and shade,-8.612977331672885,38.68094337522607
Lisboa,1355,986,41.447502,0.019638011887295158,0.570307067554064,4,2259.0,0.0,0.5894659833233465,2237.0,3.1837612208258528,3.7516308200514863,596.2740224981146,0.9065502183406113,0.8139737991266376,0.8602620087336245,True,Increase green space,-8.70000166497724,39.049999243309124
Madrid,1550,1002,47.419994,0.00694982443663875,0.19830042084957844,3,1473.0,0.0,0.1869304116793308,44.0,3.6884090909090905,2.8652346855431126,15.356508219730589,0.8654580152671756,0.7924618320610687,0.8289599236641221,True,Increase green space,-4.328254657926412,40.101503846465334
Madrid,1553,1011,46.946003,0.04411124402113965,0.28467096744577447,5,4665.0,0.0,0.2751244019471323,1175.0,5.089458762886598,4.590139514483264,255.98350470449174,0.8115458015267175,0.8859732824427481,0.8487595419847328,True,Increase green space,-4.297031264316923,40.26905921117316
Madrid,1554,1002,48.427498,0.07407071839258873,0.15419092611518675,4,1100.0,0.0,0.1499818093426869,21.0,3.8566666666666665,3.7303948360574957,5.629430910909703,0.9642175572519084,0.7709923664122137,0.867604961832061,True,Expand street trees and shade,-4.240002592501813,40.10999678559428
Madrid,1556,1017,46.940002,0.3312317970439225,0.32835726114395747,3,2466.0,0.0,0.31913960328412677,37.0,5.166756756756756,2.8631671941988857,12.922752144885692,0.8110687022900763,0.8344465648854962,0.8227576335877862,True,Expand street trees and shade,-4.248256888213652,40.38848685834254
Madrid,1559,1000,47.754997,0.006335943317597127,0.2877572238972861,4,3039.0,0.0,0.31975015786064903,884.0,5.100180995475114,3.731906905821835,236.87621966693376,0.9045801526717557,0.8516221374045801,0.8781011450381679,True,Increase green space,-4.115004908052045,40.092319551780676
Madrid,1559,1003,48.412506,0.0,0.1419176584477848,4,911.0,0.0,0.19161085967263752,569.0,3.9711599297012303,3.729644092121931,152.56147394918722,0.9632633587786259,0.7571564885496184,0.8602099236641221,True,Increase green space,-4.12500472703328,40.14768047439131
Madrid,1560,1003,47.878,0.04800591066787292,0.2243675165464467,5,3185.0,0.0,0.24592377136421098,905.0,6.159657458563536,4.595367632037969,196.93745364147233,0.9165076335877863,0.8544847328244275,0.8854961832061069,True,Increase green space,-4.10297665679488,40.15093944783323
Madrid,1561,1000,48.313995,0.004441332525602847,0.03430838759551864,5,870.0,0.0,0.03258498553578542,95.0,4.137666666666666,4.597217674932313,20.664673008201362,0.9565839694656488,0.754293893129771,0.85543893129771,True,Increase green space,-4.067030261758808,40.099052921721174
Madrid,1562,1000,47.624992,0.0005885753503692287,0.20645668801164827,4,3613.0,0.0,0.21631906793279138,895.0,5.485280269058296,3.7305894411883322,239.9084686507098,0.8924141221374046,0.862118320610687,0.8772662213740459,True,Increase green space,-4.0450028962312325,40.1023131123746
Madrid,1563,1004,47.512,0.034209200033650175,0.1823450995848737,5,3437.0,0.0,0.1722595645732026,754.0,5.817237715803453,4.5944927183149415,164.10952116527332,0.8802480916030534,0.8583015267175572,0.8692748091603053,True,Increase green space,-4.037031696486067,40.17905518179656
Madrid,1565,994,47.050003,0.035921127173650653,0.19827138144232376,4,1659.0,0.0,0.1931001769378079,514.0,4.102879377431907,3.735037793805531,137.61574269809438,0.8218034351145038,0.8058206106870229,0.8138120229007634,True,Increase green space,-3.9500016778892855,40.00999831224168
Madrid,1565,999,46.690014,0.0,0.17360888341169997,3,1269.0,0.0,0.16608148817555504,368.0,5.053305785123967,2.866543023405709,128.37763012633354,0.7719465648854962,0.7824427480916031,0.7771946564885497,True,Increase green space,-3.9682601665263824,40.09848413266789
Madrid,1565,1006,46.847504,0.0033418801519003918,0.20769605666431556,4,2023.0,0.0,0.21582156148965836,1040.0,5.563265700483092,3.730211890666664,278.8045372441647,0.795324427480916,0.8184637404580153,0.8068940839694656,True,Increase green space,-4.000004729345739,40.219997395083574
Madrid,1566,1006,47.068005,0.004281822563429443,0.12087318871313127,5,1801.0,0.0,0.12943035971166758,517.0,4.473828125,4.593038037686322,112.56166305568667,0.825381679389313,0.8098759541984732,0.8176288167938931,True,Increase green space,-3.9770347955566456,40.220940202065684
Madrid,1566,1016,46.96667,0.05097421599491699,0.13913491345964782,6,4533.0,0.0,0.12365337242912082,570.0,5.211466431095406,5.4476890862509615,104.6315219123982,0.8134541984732825,0.8850190839694656,0.8492366412213741,True,Increase green space,-4.015004105069307,40.399997865199865
Madrid,1567,995,47.442505,0.05184761164392322,0.3595326531276656,4,3657.0,0.0,0.3809791698042766,482.0,5.2211410788381745,3.732355268399707,129.1409754266676,0.8683206106870229,0.8645038167938931,0.866412213740458,True,Increase green space,-3.910000762486339,40.03000258416779
Madrid,1567,996,48.216003,0.050281306916043114,0.21473244834571958,5,2804.0,0.0,0.21988438777231276,40.0,5.311249999999999,4.598909185607205,8.697714693994051,0.9513358778625954,0.8456583969465649,0.8984971374045801,True,Increase green space,-3.9129744992303084,40.050942972452845
Madrid,1567,1000,46.98501,0.01556121483079231,0.2873463674447108,4,3847.0,0.0,0.2963214757869433,308.0,5.146590909090909,3.730290464174324,82.5672968252819,0.8153625954198473,0.8702290076335878,0.8427958015267176,True,Increase green space,-3.9300050348648314,40.11999892154024
Madrid,1567,1019,47.23,0.08078733318328797,0.19376338014789318,6,3419.0,0.0,0.25255128337258376,597.0,4.882765598650927,5.4471677282405215,109.59824073433401,0.8463740458015268,0.8573473282442748,0.8518606870229009,True,Expand street trees and shade,-4.0050023361450355,40.45999542362373
Madrid,1568,996,48.909996,0.0399985309172989,0.0845748091177183,4,1568.0,0.0,0.08299815994829254,25.0,5.457999999999999,3.7341484305694754,6.69496686187897,0.9852099236641222,0.799618320610687,0.8924141221374047,True,Increase green space,-3.890004119351537,40.04999922697039
Madrid,1570,995,47.5625,0.029898879333092297,0.25939005863900283,4,2706.0,0.016690179565534036,0.4957983908073632,42.0,5.74547619047619,3.734397658722192,11.24679368355518,0.8845419847328244,0.8416030534351145,0.8630725190839694,True,Increase green space,-3.8400010678335637,40.03999709112231
Madrid,1570,997,47.957504,0.16795678563045985,0.22609829133858603,4,4103.0,0.0,0.18904796296710646,10.0,5.015,3.7312350000879784,2.6800777757938623,0.9265267175572519,0.8754770992366412,0.9010019083969465,True,Expand street trees and shade,-3.8500032039457883,40.07999800567048
Madrid,1570,999,46.739998,0.03055743051923215,0.23099659492360877,4,1639.0,0.002677622948393303,0.5922598443442008,12.0,2.674166666666667,3.7327866633800144,3.2147564493101988,0.7800572519083969,0.802719465648855,0.7913883587786259,True,Increase green space,-3.8600053401200025,40.10999678512683
Madrid,1570,1001,47.423336,0.06988118179112714,0.1581479314637779,6,2970.0,0.0,0.16401130084050317,12.0,3.4233333333333333,5.461495323859644,2.1972004530655878,0.8664122137404581,0.8497137404580153,0.8580629770992367,True,Increase green space,-3.8650029452146852,40.149997867761435
Madrid,1571,999,46.802505,0.03843869099775511,0.3732281212450238,4,2040.0,0.0,0.5911025253522902,19.0,3.0244444444444443,3.7315603434954485,5.091703805117141,0.7876908396946565,0.8206106870229007,0.8041507633587786,True,Increase green space,-3.832323429316543,40.1176804105304
Madrid,1571,1002,47.498337,0.02741654749000824,0.07467540027858433,6,2084.0,0.0,0.09669629454092017,194.0,5.195051546391753,5.460592650431471,35.527279256890004,0.8788167938931297,0.8225190839694656,0.8506679389312977,True,Increase green space,-3.8449986722576694,40.17000213995785
Madrid,1572,1001,46.763336,0.05665678463645215,0.39550000906673577,3,1171.0,0.0,0.5704627299760981,37.0,5.917567567567567,2.864764151916054,12.915548379524754,0.7824427480916031,0.7781488549618321,0.7802958015267176,True,Increase green space,-3.8217489913280906,40.151506313292636
Madrid,1572,1003,46.804005,0.08851400917597348,0.18136361963354258,5,2185.0,0.0,0.18923533645372037,33.0,3.2081818181818185,4.593142876616289,7.184623010096887,0.7881679389312977,0.8272900763358778,0.8077290076335877,True,Expand street trees and shade,-3.827029808551108,40.18905690436922
Madrid,1572,1013,46.773335,0.04781750501805554,0.12672940618994313,6,1169.0,0.0,0.10791538278605682,438.0,4.5087899543378995,5.451393493062609,80.34642895571464,0.7838740458015268,0.776956106870229,0.7804150763358779,True,Increase green space,-3.865002944156149,40.36999908622408
Madrid,1573,998,47.204994,0.0424817362158913,0.32391973668134755,4,1648.0,0.0,0.3208520603032671,38.0,4.449736842105263,3.731808081093657,10.182731580575703,0.8425572519083969,0.8048664122137404,0.8237118320610687,True,Increase green space,-3.7823210901684865,40.10767455603333
Madrid,1573,999,47.14,0.06625318186582921,0.34711105073371235,4,970.0,0.0,0.3546218751155927,9.0,3.631111111111111,3.7303404744705757,2.412648406115615,0.836354961832061,0.7638358778625954,0.8000954198473282,True,Increase green space,-3.790005645604388,40.119998921249035
Madrid,1573,1003,46.925003,0.059234904650191586,0.2912785124040773,4,4501.0,0.0,0.31003437178869026,302.0,4.702947019867549,3.7297366106612766,80.97086511062128,0.808206106870229,0.8831106870229007,0.8456583969465649,True,Increase green space,-3.805002721087376,40.19232000530209
Madrid,1573,1004,47.477997,0.16992842880890163,0.22816732921409738,5,3283.0,0.0,0.2443883968845441,270.0,4.280888888888889,4.594705496468006,58.76328748546596,0.8764312977099237,0.8559160305343512,0.8661736641221374,True,Expand street trees and shade,-3.8070332323861322,40.20905554956919
Madrid,1573,1006,46.728004,0.01821610396859189,0.09968018247737184,5,3649.0,0.0,0.12495393834388499,388.0,6.292396907216494,4.593324467165906,84.47040978130532,0.7781488549618321,0.8640267175572519,0.821087786259542,True,Increase green space,-3.812971217780694,40.24905523772376
Madrid,1574,996,47.487995,0.10118741840237314,0.14248696903486585,5,2024.0,0.0,0.1630104814618362,6.0,8.971666666666666,4.599436526261747,1.304507620822975,0.8778625954198473,0.8191793893129771,0.8485209923664122,True,Expand street trees and shade,-3.7529735975569194,40.07093663486073
Madrid,1574,998,46.582497,0.08369530590371056,0.27908287583160946,4,4290.0,0.0,0.3909589964468141,48.0,8.497291666666667,3.7305799399810087,12.866632205244837,0.7533396946564885,0.8797709923664122,0.8165553435114503,True,Expand street trees and shade,-3.7600068662961768,40.10999678459259
Madrid,1574,1002,46.823997,0.007093343957095918,0.1645226225418913,5,2944.0,0.0,0.17773460326889562,118.0,6.865,4.595753927837743,25.675874264120544,0.7915076335877863,0.8482824427480916,0.819895038167939,True,Increase green space,-3.777034371177356,40.17905660540377
Madrid,1574,1010,47.374,0.22804161913251492,0.1916295286848851,5,2472.0,0.016548375126204305,0.35317270190815475,323.0,4.650062111801242,4.5909138519572945,70.35636267979454,0.8597328244274809,0.8349236641221374,0.8473282442748091,True,Expand street trees and shade,-3.8070335315140396,40.319056757631174
Madrid,1576,1004,47.511993,0.07859930549544988,0.08479032627943126,5,1089.0,0.0,0.047625911499474385,1.0,9.02,4.592153571396647,0.21776275214939345,0.8797709923664122,0.7695610687022901,0.8246660305343512,True,Expand street trees and shade,-3.7370335489570885,40.21905583973278
Madrid,1576,1005,47.487503,0.07152603252549453,0.2910076793997326,4,3074.0,0.0,0.24215866111693132,67.0,6.773880597014926,3.7276037550350343,17.974013442147715,0.8773854961832062,0.8525763358778626,0.8649809160305344,True,Expand street trees and shade,-3.7400025939492467,40.23999403758481
Madrid,1577,1001,46.829998,0.19352001751314196,0.08916748066334257,5,1908.0,0.0,0.07501064376557738,17.0,9.445882352941178,4.59602097153131,3.698851703528218,0.7934160305343512,0.8148854961832062,0.8041507633587787,True,Expand street trees and shade,-3.7029702749618205,40.17094219896864
Madrid,1577,1002,46.766,0.06515636978900542,0.13292064067566553,5,4080.0,0.0,0.16524116240260447,78.0,6.972435897435898,4.594323000723803,16.977474154018264,0.7829198473282443,0.8745229007633588,0.8287213740458015,True,Increase green space,-3.707029872872597,40.18905590294101
Madrid,1577,1005,47.830006,0.06357442432710772,0.27293028973859645,5,4524.0,0.0,0.3234011837441106,297.0,9.268831615120275,4.593716168631613,64.65353737526867,0.9107824427480916,0.8840648854961832,0.8974236641221374,True,Increase green space,-3.717036974636462,40.23905448541963
Madrid,1578,997,47.230003,0.24658083338781603,0.33223392020903775,4,1930.0,0.0,0.30305171950731363,23.0,5.602173913043478,3.731849967691982,6.163163095815636,0.8468511450381679,0.8153625954198473,0.8311068702290076,True,Expand street trees and shade,-3.66500333516438,40.10231401752059
Madrid,1578,998,46.852,0.10648822871789465,0.3977709204267444,5,5059.0,0.0006106557838289536,0.49494377952044283,32.0,10.67625,4.597876494602043,6.959734572594185,0.7962786259541985,0.8912213740458015,0.84375,True,Expand street trees and shade,-3.667033596285822,40.11905871364325
Madrid,1578,999,47.314003,0.2922620871076691,0.12189951327805855,5,5501.0,0.00348241843141812,0.14988879728700408,28.0,16.44214285714286,4.5970697515502215,6.090836448709061,0.853530534351145,0.8955152671755725,0.8745229007633588,True,Expand street trees and shade,-3.672971577617235,40.140937390445096
Madrid,1578,1004,46.752495,0.20169713227129593,0.23541021181347474,4,4183.0,0.00420422020020053,0.2759236744672708,225.0,5.604305555555555,3.7278483700224174,60.35653215118483,0.7817270992366412,0.8778625954198473,0.8297948473282443,True,Expand street trees and shade,-3.6899995423331293,40.229999530707275
Madrid,1578,1010,46.59667,0.04496250665593735,0.701162772859529,3,2206.0,0.0,0.7749190470246816,343.0,9.94731778425656,2.7265464429073525,125.80016778817622,0.7562022900763359,0.8287213740458015,0.7924618320610687,True,Increase green space,-3.7150083549942705,40.33500325050606
Madrid,1578,1028,46.822495,0.1545473237753015,0.4717796210627746,4,12312.0,0.0,0.6194247266978786,1787.0,8.671617235590375,3.7191428113509004,480.4870613051048,0.7905534351145038,0.9375,0.8640267175572519,True,Cooling measures in dense built-up areas,-3.785003076878074,40.65230791660914
Madrid,1579,997,47.365005,0.6153574431917904,0.244611031871401,4,1936.0,0.0,0.223563553182503,22.0,5.426818181818182,3.732867535482298,5.8935924703681,0.8587786259541985,0.8158396946564885,0.8373091603053435,True,Expand street trees and shade,-3.640004120028422,40.109996784666734
Madrid,1580,1000,46.72751,0.1940519937944356,0.5055686867630332,4,15883.0,0.0,0.5189614696828513,67.0,6.5334328358208955,3.729474659803388,17.964996711770695,0.7776717557251909,0.9479961832061069,0.8628339694656488,True,Expand street trees and shade,-3.63000198383003,40.15999983576737
Madrid,1580,1008,47.343334,0.12510889287197416,0.17881344257570345,3,866.0,0.0,0.03228747600657243,53.0,4.722830188679246,2.8630658664992517,18.511624416382897,0.8568702290076335,0.7538167938931297,0.8053435114503816,True,Expand street trees and shade,-3.6582555244296424,40.30849508017888
Madrid,1580,1009,46.745003,0.16055075987948914,0.3254714424203705,4,6770.0,0.0023415933611185607,0.3817652660528822,509.0,6.1341846758349705,3.7267911642148035,136.5786215464641,0.7810114503816794,0.9083969465648855,0.8447041984732824,True,Expand street trees and shade,-3.665003333996038,40.32231160194331
Madrid,1581,1000,46.989998,0.3544071875412923,0.1145683149482065,4,2576.0,0.0,0.15216369553436215,14.0,6.486428571428571,3.73049093990016,3.7528572580783925,0.8158396946564885,0.836354961832061,0.8260973282442747,True,Expand street trees and shade,-3.605005778060678,40.167684138592456
Madrid,1581,1026,47.339996,0.8172827029175794,0.0953433423766029,5,2264.0,0.0,0.2106522269102824,84.0,3.492261904761905,4.579106258323505,18.34419104106004,0.8559160305343512,0.8301526717557252,0.8430343511450382,True,Expand street trees and shade,-3.707031076169129,40.629054560179505
Madrid,1582,1002,47.35666,0.4618280037416864,0.31566144359754206,3,10660.0,0.0,0.3809165874189773,3236.0,5.219088380716935,2.865349628136488,1129.3560716723316,0.857824427480916,0.9308206106870229,0.8943225190839694,True,Expand street trees and shade,-3.58825455800083,40.20848619496181
Madrid,1583,1010,48.734993,0.28630987290092835,0.08057721063224033,4,1541.0,0.0,0.1644938359209124,151.0,6.02972972972973,3.7251108391640675,40.535706592259444,0.978530534351145,0.7972328244274809,0.887881679389313,True,Expand street trees and shade,-3.6000032046562205,40.34999464695859
Madrid,1584,1010,47.364002,0.2867221725959162,0.2913405831002877,5,3446.0,0.0,0.5561708930742555,957.0,3.0958098223615464,4.587617205889576,208.6050245803867,0.8583015267175572,0.8587786259541985,0.8585400763358779,True,Add water features,-3.577030791502569,40.35093434825369
Madrid,1588,1017,46.752495,0.25954100269209596,0.17056706540757904,4,4427.0,0.0,0.1769392000449594,322.0,6.120590062111801,3.7218976357659646,86.5150069968898,0.7817270992366412,0.8816793893129771,0.8317032442748091,True,Expand street trees and shade,-3.5100068669733244,40.48999403554403
Madrid,1589,996,46.920002,0.026853659844864108,0.06636809653877868,5,891.0,0.0,0.0674558400311936,22.0,5.051818181818182,4.595745509637896,4.787036173753103,0.8077290076335878,0.7557251908396947,0.7817270992366412,True,Increase green space,-3.407031436722949,40.119058234620795
Madrid,1589,1025,46.682495,0.013030728180106869,0.4071330025954488,4,5635.0,0.0,0.39962745861794524,225.0,6.202888888888889,3.7185385523911387,60.50764213680609,0.7709923664122137,0.8967080152671756,0.8338501908396947,True,Increase green space,-3.515004119811209,40.63768281310751
Madrid,1590,1020,46.643337,0.0019131525381706554,0.09833584192750039,6,4615.0,0.0,0.10041262091573978,302.0,6.527218543046358,5.443271832811358,55.48133719495359,0.7624045801526718,0.8854961832061069,0.8239503816793894,True,Increase green space,-3.47500354581676,40.549999387759186
Madrid,1591,1010,47.6475,0.23486023946696305,0.3046901846710774,4,6085.0,0.0,0.3232739510665658,622.0,7.118215434083601,3.724461104292356,167.0040262423896,0.8945610687022901,0.9017175572519084,0.8981393129770993,True,Expand street trees and shade,-3.4100007637686094,40.37999342567338
Madrid,1591,1011,46.656666,0.18560418177063298,0.2602604042567339,3,1294.0,0.0,0.3918939872142843,28.0,6.7425,2.8631796839077603,9.779337342106555,0.7647900763358778,0.7833969465648855,0.7740935114503816,True,Expand street trees and shade,-3.421751098032807,40.39150454634637
Milano,2113,1248,38.586674,0.13368404304072232,0.5862156555990446,6,9054.0,0.0,0.6624296229521934,2669.0,7.7936435272045035,5.137655717211267,519.4976360636209,0.8606847697756789,0.8158205430932703,0.8382526564344746,True,Cooling measures in dense built-up areas,8.795000964191697,45.57999807770986
Milano,2113,1252,37.76167,0.07740908737390546,0.8457838790687435,6,19517.0,0.0,0.9638808186290323,3548.0,12.260529875986471,5.133704701071693,691.1188326160118,0.781582054309327,0.9421487603305785,0.8618654073199528,True,Cooling measures in dense built-up areas,8.795000964038072,45.64999777255429
Milano,2114,1253,38.7825,0.08633801775892755,0.7781338216600645,4,12735.0,0.00048668822712875356,0.8884298635783139,3753.0,9.748550492938982,3.565001954073085,1052.7343458289338,0.8831168831168831,0.8831168831168831,0.8831168831168831,True,Targeted local cooling measures,8.81999492991756,45.67000191173511
Milano,2115,1244,37.8925,0.01788648539508904,0.6617540578179921,4,7720.0,0.0,0.7517019961334213,2016.0,7.538080357142857,3.5693876410912946,564.8027624658985,0.7933884297520661,0.7709563164108618,0.782172373081464,True,Increase green space,8.849993709119936,45.50999825064368
Milano,2115,1250,39.37668,0.02285948731461564,0.9028636076542008,3,16443.0,0.0,0.9913805379706685,3480.0,13.363422413793103,2.5664481571021796,1355.959593561137,0.9185360094451004,0.9185360094451004,0.9185360094451004,True,Increase green space,8.844996412493842,45.61500200620323
Milano,2115,1253,38.531673,0.10554152085984707,0.5218078187104644,6,8886.0,0.0,0.5695910086907087,3067.0,7.9805423064358045,5.129791899485449,597.8800037302956,0.8547815820543093,0.8110979929161747,0.832939787485242,True,Cooling measures in dense built-up areas,8.84499641525626,45.67000204427773
Milano,2116,1242,37.876663,0.039492173860958595,0.6826698501390921,6,13598.0,0.0,0.7450730543739436,3519.0,9.190295706568097,5.140818868209008,684.5212971345112,0.7898465171192444,0.8913813459268005,0.8406139315230224,True,Increase green space,8.87499519489953,45.46999746801317
Milano,2116,1247,38.085003,0.023070141822573192,0.5105920265009483,6,10542.0,0.0,0.5648272911510709,2646.0,7.628987150415721,5.135745304136574,515.2124654368638,0.8116883116883117,0.8476977567886659,0.8296930342384887,True,Increase green space,8.874995194647692,45.560001435092836
Milano,2116,1249,38.085007,0.07791791820749748,0.627149438246513,4,7819.0,0.0,0.7811291593501591,1887.0,10.668070175438595,3.5666035515816845,529.0747829719315,0.8134592680047226,0.7768595041322314,0.7951593860684769,True,Cooling measures in dense built-up areas,8.87219259028951,45.60219000189181
Milano,2116,1250,38.256664,0.05535891861685554,0.827400672468875,3,10273.0,0.0,1.0,1915.0,12.737054830287207,2.5663210996193087,746.2043624564649,0.8299881936245572,0.8453364817001181,0.8376623376623377,True,Increase green space,8.87499519166371,45.61500200620668
Milano,2116,1253,38.983997,0.16001587898370223,0.650327606213279,5,10825.0,0.006818919115157998,0.7320561110794199,2955.0,8.38755585646581,4.3472339459743985,679.7425757903765,0.8925619834710744,0.8559622195985832,0.8742621015348289,True,Targeted local cooling measures,8.872946605671864,45.669102660636874
Milano,2117,1248,38.932503,0.08684710589762577,0.5711831977997698,4,9636.0,0.0,0.7190479266555267,1634.0,8.754718137254903,3.567202770293649,458.06199008571934,0.8902007083825265,0.8299881936245572,0.8600944510035419,True,Cooling measures in dense built-up areas,8.899996760742342,45.57999794432441
Milano,2117,1249,38.107506,0.03914395799028281,0.8790723929463602,4,18703.0,0.0,0.9839696943075158,2583.0,12.775950445218738,3.5666385317171088,724.2113202754108,0.8170011806375442,0.935064935064935,0.8760330578512396,True,Increase green space,8.899996760734629,45.59999458783539
Milano,2117,1251,38.244995,0.10973290082759676,0.6968849235189899,4,8721.0,0.002381137286291703,0.8180688330555946,2270.0,8.988779197884531,3.565791810496257,636.6047488577524,0.8276269185360094,0.8063754427390791,0.8170011806375443,True,Targeted local cooling measures,8.899996760735792,45.629993366930705
Milano,2118,1247,38.685,0.09401253208851694,0.536179562133894,6,11812.0,0.0,0.615827818875336,4685.0,8.039985055508113,5.137688168804165,911.8887417977468,0.8736717827626919,0.8689492325855962,0.8713105076741441,True,Cooling measures in dense built-up areas,8.924990642913833,45.560001435341704
Milano,2118,1248,38.54833,0.09128578031704943,0.6584484913772021,6,15246.0,0.0,0.8473716432053232,4150.0,8.849418716835505,5.1365588868180065,807.9338894858539,0.8583234946871311,0.9031877213695395,0.8807556080283353,True,Cooling measures in dense built-up areas,8.92499064285638,45.579998077367364
Milano,2118,1249,38.743332,0.049173436475354694,0.8818517189348207,6,29690.0,0.0,0.9613676646863963,3362.0,12.76837001784652,5.135429332085784,654.6677565971888,0.8795749704840614,0.9693034238488784,0.9244391971664698,True,Increase green space,8.924990642782422,45.59999472102178
Milano,2119,1247,38.4,0.006441213627260635,0.752645528853136,4,13335.0,0.004650952445836263,0.8424560066267457,3159.0,11.45644507755619,3.5675547235838843,885.4804606407104,0.8382526564344747,0.8866587957497049,0.8624557260920898,True,Increase green space,8.949999812344293,45.56000130187643
Milano,2119,1248,38.184998,0.01278991686960573,0.6265094009127185,4,7862.0,0.0001899275566740672,0.7411310937443316,2496.0,9.404407051282051,3.56699038739857,699.7495728662026,0.8229043683589138,0.7792207792207793,0.8010625737898465,True,Increase green space,8.9499998123531,45.57999794422942
Milano,2119,1249,38.587494,0.009764217111502488,0.5898292970602143,4,8593.0,0.0,0.6292901289215892,3259.0,10.34719459791283,3.5664259150101323,913.7999996814012,0.8618654073199528,0.8040141676505312,0.832939787485242,True,Increase green space,8.949999812345752,45.59999458774071
Milano,2119,1250,38.052498,0.16991691042108437,0.6970304576283173,4,9734.0,0.0,0.7807037318816983,2174.0,9.70294388224471,3.565861090953871,609.6704118719479,0.8051948051948052,0.8347107438016529,0.8199527744982291,True,Cooling measures in dense built-up areas,8.9499998123465,45.61999886006726
Milano,2121,1250,38.4825,0.009797423838608266,0.4724224548397744,4,7600.0,0.0,0.501920708986671,1559.0,8.35078947368421,3.5680127969706557,436.9378947641767,0.8476977567886659,0.7662337662337663,0.806965761511216,True,Increase green space,8.999995234564313,45.61999886016803
Milano,2121,1252,37.92251,0.025304381947848106,0.6337832593189084,4,10642.0,0.0,0.7255565429891301,1823.0,9.1383543609435,3.5671639014385788,511.0502489848627,0.79456906729634,0.8512396694214877,0.8229043683589139,True,Increase green space,8.99999523456536,45.64999763926301
Milano,2122,1249,38.15167,0.024380018710699492,0.619503521630698,6,7409.0,0.0,0.681922104450658,1548.0,9.047071751777635,5.134577857056761,301.48534954484916,0.820543093270366,0.7579693034238488,0.7892561983471074,True,Increase green space,9.024996695711419,45.59999472075949
Milano,2122,1250,37.999996,0.02471571675265956,0.7636557856516614,6,16211.0,0.0,0.8280741891217606,2548.0,13.602767962308599,5.133446661353487,496.352678441621,0.7981109799291618,0.9138134592680047,0.8559622195985832,True,Increase green space,9.024996695667493,45.61999899299386
Milano,2122,1251,37.983326,0.0033183910390103886,0.6813149688183149,3,7487.0,0.0,0.7976453458549556,876.0,12.836251428571428,2.566299370818858,341.3475489106654,0.7957497048406139,0.7626918536009445,0.7792207792207793,True,Increase green space,9.024996693176414,45.634991020274086
Milano,2123,1249,38.065,0.00560262952180246,0.6625053554328998,6,17020.0,0.0,0.7272789815205242,1807.0,9.52380266075388,5.134320900907053,351.94527862112534,0.807556080283353,0.922077922077922,0.8648170011806375,True,Increase green space,9.054995521555176,45.599994720680925
Milano,2124,1249,37.6625,0.17925050846289034,0.45140348608871306,4,9201.0,0.0,0.5257956357694991,1306.0,8.966463790446841,3.5682371426389152,366.0070639346964,0.7744982290436836,0.8181818181818182,0.7963400236127509,True,Expand street trees and shade,9.079997065383491,45.599994587689835
Milano,2124,1252,39.365005,0.09243244064955304,0.41206063882145055,6,7955.0,0.0,0.4323932125100978,2255.0,7.563943161634103,5.131320420094881,439.4580371884677,0.9173553719008265,0.781582054309327,0.8494687131050768,True,Expand street trees and shade,9.07499974823434,45.649997771819784
Milano,2124,1253,37.605007,0.04156692999143723,0.47628804231280014,6,8799.0,0.0,0.5287473204786699,2448.0,8.67583606557377,5.13018807616036,477.17548823905537,0.7662337662337663,0.8099173553719008,0.7880755608028336,True,Increase green space,9.074999748189867,45.670002044053916
Milano,2125,1239,37.453335,0.11462923769429643,0.6345102694528699,6,22264.0,0.01774800884438322,0.8106460411109317,1573.0,13.257908455181182,5.144064687049288,305.7893117013457,0.7520661157024794,0.9504132231404959,0.8512396694214877,True,Targeted local cooling measures,9.104998528571606,45.420002046803035
Milano,2125,1244,40.089996,0.1866786356346275,0.7389104151009835,6,12002.0,0.0,0.8663203611409936,944.0,13.76426906779661,5.13898110534033,183.69400094096736,0.9645808736717828,0.8748524203069658,0.9197166469893743,True,Cooling measures in dense built-up areas,9.10499852836982,45.50999838367746
Milano,2125,1245,39.979996,0.0028417216769852835,0.6949196552505423,6,11885.0,0.0,0.7043300341978358,1111.0,11.264531531531532,5.137850384876376,216.23829360043388,0.9574970484061394,0.8701298701298701,0.9138134592680047,True,Increase green space,9.104998528325,45.53000265591226
Milano,2126,1243,37.792503,0.1698350509134554,0.5976734042859552,4,18446.0,0.0,1.0,950.0,16.69285110876452,3.5687622120680746,266.19873881972126,0.7839433293978748,0.9303423848878394,0.8571428571428571,True,Cooling measures in dense built-up areas,9.129992487595603,45.48999397778663
Milano,2126,1244,41.457497,0.12951459675521976,0.7920392253904346,4,24505.0,0.0,1.0,1261.0,15.9958287073751,3.5681972947550977,353.39974105511124,1.0,0.9586776859504132,0.9793388429752066,True,Cooling measures in dense built-up areas,9.12999248759618,45.50999825011345
Milano,2126,1245,39.702507,0.01630759519130988,0.7329534040633092,4,17539.0,0.0,0.8532626917718502,1874.0,13.119743589743589,3.5676322415417316,525.2783563785043,0.9445100354191264,0.9268004722550177,0.935655253837072,True,Increase green space,9.129992487596812,45.53000252244024
Milano,2126,1246,38.104996,0.021578525131757,0.6966690337089365,2,9284.0,0.0,0.7845144899559158,1034.0,12.342166344294004,1.7836043450240422,579.7249837861671,0.8158205430932703,0.8229043683589138,0.8193624557260921,True,Increase green space,9.129992485407172,45.544994472292615
Milano,2126,1247,38.0475,0.02461516731129951,0.4050433418537236,4,7543.0,0.0,0.6487881795534642,1118.0,8.724125560538116,3.566784622548586,313.44757766762825,0.8040141676505312,0.7638724911452184,0.7839433293978748,True,Increase green space,9.129992487597717,45.560001301535856
Milano,2126,1251,37.696667,0.18983864624846505,0.5819879353058272,3,9215.0,0.0,0.7426834041937864,1641.0,10.183695121951219,2.7823322292496897,589.7929739478049,0.7768595041322314,0.8193624557260921,0.7981109799291617,True,Cooling measures in dense built-up areas,9.131788343549696,45.63858841882363
Milano,2127,1240,38.024006,0.07771772610752628,0.8354260918921538,5,35190.0,0.009389832314350149,1.0,1686.0,17.544163701067614,4.355018273888463,387.13959252681207,0.7992916174734357,0.9752066115702479,0.8872491145218417,True,Targeted local cooling measures,9.157042549819518,45.440900852119015
Milano,2127,1241,37.5075,0.04405112613900565,0.9508883168479519,4,60726.0,0.001651237991428463,1.0,2529.0,22.8329418742586,3.5696430123892102,708.474206306503,0.7603305785123967,0.9952774498229043,0.8778040141676505,True,Increase green space,9.157793479600237,45.45779821587435
Milano,2127,1242,37.492004,0.033713178130518585,0.9536098368360009,5,67226.0,0.0,1.0,3295.0,23.521402124430956,4.353769363628993,756.8154683447727,0.7579693034238488,0.9976387249114522,0.8778040141676505,True,Increase green space,9.15294530215926,45.47089937783618
Milano,2127,1243,38.260006,0.045846764578155286,0.8979255828683369,6,72306.0,0.0,1.0,3261.0,22.592837423312883,5.137309696275624,634.7680386806571,0.8311688311688312,0.9988193624557261,0.9149940968122787,True,Increase green space,9.15499397223941,45.48999411093208
Milano,2127,1244,40.51833,0.13591991887843755,0.6993261696222651,6,36735.0,0.0,0.9924705413682267,2140.0,14.69253738317757,5.1361796277267135,416.6520945738749,0.9822904368358913,0.9787485242030697,0.9805194805194806,True,Cooling measures in dense built-up areas,9.154993972185153,45.50999838316715
Milano,2127,1245,41.141674,0.022759580199831774,0.66915875022953,6,25023.0,0.0,0.8281544595942822,1864.0,13.228399570354457,5.135049287512193,362.99554213296807,0.9952774498229043,0.9598583234946871,0.9775678866587958,True,Increase green space,9.154993972130868,45.53000265540213
Milano,2127,1246,40.448334,0.025864965887777296,0.681874971219003,6,20723.0,0.0,0.7738807260578682,1937.0,10.036084710743802,5.13391910688736,377.29460859666375,0.9799291617473436,0.9456906729634003,0.9628099173553719,True,Increase green space,9.15499397208311,45.54999929742712
Milano,2127,1247,39.98,0.05379686520301277,0.846453805182153,3,11926.0,0.0,0.9922886710655794,1457.0,12.026410432395332,2.5665355969997785,567.6913274466949,0.9586776859504132,0.8713105076741441,0.9149940968122787,True,Increase green space,9.154993969908027,45.56499895468422
Milano,2127,1248,38.86,0.03794049355776081,0.7461330705309988,6,22309.0,0.005880374690996844,0.9277271848265641,3019.0,10.42706194104008,5.1322231114215455,588.2441067850973,0.8866587957497049,0.9515938606847698,0.9191263282172373,True,Increase green space,9.154993972001728,45.57999807638415
Milano,2127,1249,40.21667,0.03911679553210524,0.7424792541791426,6,18516.0,0.0,0.8476818453452261,3365.0,11.6977147102526,5.131092252358649,655.8057884173071,0.9704840613931524,0.9327036599763873,0.9515938606847698,True,Increase green space,9.154993971940957,45.59999472004046
Milano,2127,1250,39.95334,0.05953389315857859,0.7801274954235445,6,22229.0,0.0,0.9184711415695382,4277.0,11.376495206920739,5.129960690330317,833.7295855038228,0.9527744982290437,0.9492325855962219,0.9510035419126328,True,Increase green space,9.154993971886679,45.61999899227501
Milano,2127,1251,39.138336,0.0825348102288459,0.748709096150355,6,19343.0,0.0,0.9507613209552851,4897.0,10.734399509803922,5.128829288495742,954.7987902393734,0.9020070838252656,0.9409681227863046,0.921487603305785,True,Cooling measures in dense built-up areas,9.154993971838937,45.63999563429756
Milano,2127,1253,37.44333,0.24492762624710815,0.5668208392260693,6,15178.0,0.0,0.6594739208200281,2665.0,11.747515947467168,5.127131029391855,519.7838683510502,0.7508854781582054,0.9020070838252656,0.8264462809917354,True,Cooling measures in dense built-up areas,9.154993971751015,45.67000204346651
Milano,2128,1240,38.884995,0.07621229041926857,0.8499422816081164,6,53266.0,0.005490655504166424,1.0,2956.0,17.832406091370558,5.142251779253843,574.8454425988696,0.8890200708382526,0.9881936245572609,0.9386068476977567,True,Targeted local cooling measures,9.185000360996993,45.439998688620875
Milano,2128,1241,37.79001,0.01711048187132547,0.9691860039403449,6,59990.0,0.006614701502916852,1.0,4053.0,21.052847273624476,5.141121690997206,788.3493610153882,0.7827626918536009,0.9940968122786304,0.8884297520661157,True,Increase green space,9.185000360944954,45.459995332275064
Milano,2128,1242,38.603333,0.2441857587987426,0.7316737351763671,3,23909.0,0.0,1.0,1474.0,21.68945725915875,2.570136707958853,573.5103488602437,0.8677685950413223,0.9551357733175915,0.911452184179457,True,Cooling measures in dense built-up areas,9.185000358861474,45.47500261761799
Milano,2128,1243,38.66333,0.0882836663995995,0.9098933929186782,6,61281.0,0.0,1.0,3652.0,21.499430449069003,5.1394258336774445,710.5852128596362,0.8701298701298701,0.9964580873671782,0.9332939787485242,True,Cooling measures in dense built-up areas,9.185000360876344,45.48999411123316
Milano,2128,1244,39.559998,0.09865013404161402,0.8318161941390428,5,54186.0,0.0,1.0,2256.0,17.57548315602837,4.35320910052936,518.2383726354118,0.9303423848878394,0.9893742621015348,0.9598583234946871,True,Cooling measures in dense built-up areas,9.182949633235982,45.50909703973869
Milano,2128,1245,41.0375,0.34472204338481055,0.5151335642819255,4,23096.0,0.008817391769053393,1.0,1053.0,15.370788224121558,3.5674168582089814,295.17156022205313,0.9917355371900827,0.9527744982290437,0.9722550177095632,True,Targeted local cooling measures,9.179995539208042,45.530002522345704
Milano,2128,1246,39.637505,0.05667488347044514,0.8904402710631054,4,24146.0,0.004445661484031313,1.0,2727.0,12.961331133113312,3.5668516511482573,764.5397865431582,0.9397874852420307,0.9563164108618654,0.948051948051948,True,Increase green space,9.179995539214929,45.54999916469794
Milano,2128,1251,39.36,0.02169706027405719,0.5403776878324681,4,10224.0,0.0,0.6370021275327724,2032.0,8.737672244094489,3.564306217346004,570.0969209971626,0.9161747343565525,0.8441558441558441,0.8801652892561983,True,Increase green space,9.179995539217499,45.6399955019831
Milano,2128,1253,39.447502,0.03323669763268061,0.8073308234400766,4,9672.0,0.0,0.9167118683977934,2209.0,10.51545043005885,3.5634569131854437,619.9036648447453,0.9232585596221959,0.8323494687131051,0.8778040141676505,True,Increase green space,9.179995539212038,45.67000191105428
Milano,2128,1254,38.08499,0.027620617639963648,0.8197667530832928,4,11975.0,0.0,0.9590394324554301,1862.0,12.253148844707146,3.5628907568645682,522.6093436663789,0.8099173553719008,0.8736717827626919,0.8417945690672963,True,Increase green space,9.179995539218954,45.68999855340416
Milano,2129,1240,39.035004,0.030059514648173087,0.811289148687162,4,39413.0,0.002343951883739347,0.9152900504238756,1908.0,16.197914046121593,3.5698301883120256,534.4792047103471,0.8961038961038961,0.9811097992916175,0.9386068476977567,True,Increase green space,9.209994318420582,45.43999855502844
Milano,2129,1241,39.037506,0.04872193321105061,0.9414992894170208,4,58260.0,0.0,1.0,3149.0,19.570714512543663,3.569265451540154,882.2543581456495,0.89728453364817,0.9917355371900827,0.9445100354191263,True,Increase green space,9.209994318415069,45.459995198539474
Milano,2129,1242,40.075012,0.08027315258462916,0.919726847415371,2,29941.0,0.0,1.0,1569.0,21.36302740599108,1.7844207723847707,879.2769195928638,0.9634002361275088,0.9704840613931524,0.9669421487603306,True,Cooling measures in dense built-up areas,9.209994316429144,45.47500240698883
Milano,2129,1243,41.0775,0.01631493275180668,0.9807070670886701,4,56629.0,0.0024401428357670764,1.0,3028.0,20.425168428005286,3.5684179842924526,848.5553019093398,0.9929161747343566,0.9905548996458088,0.9917355371900827,True,Increase green space,9.20999431841586,45.48999397763534
Milano,2129,1244,39.96401,0.07152127986605028,0.8840227011858319,5,39862.0,0.0,1.0,1750.0,16.35105714285714,4.351730009159142,402.13891861782616,0.9551357733175915,0.9822904368358913,0.9687131050767415,True,Cooling measures in dense built-up areas,9.207045890337755,45.51089859365359
Milano,2129,1245,41.121662,0.24137386677438086,0.573087801664171,6,25063.0,0.001095626344554008,1.0,1305.0,15.629262672811059,5.134617738239281,254.15718686927985,0.9940968122786304,0.961038961038961,0.9775678866587958,True,Targeted local cooling measures,9.20499702354939,45.53000265527153
Milano,2129,1246,41.289993,0.16978824442228876,0.6875210874943107,6,34832.0,0.0,1.0,3094.0,16.077322987390883,5.133487090687972,602.7092199398816,0.9976387249114522,0.974025974025974,0.9858323494687131,True,Cooling measures in dense built-up areas,9.204997023501218,45.54999929729611
Milano,2129,1247,40.283337,0.04825334391938515,0.5831303274383287,3,15898.0,0.0,0.7120198365196059,1301.0,13.456733282090699,2.5663194138636705,506.95170405203214,0.9763872491145218,0.9079102715466352,0.9421487603305785,True,Increase green space,9.204997021452417,45.56499895469067
Milano,2129,1248,39.888332,0.058740925856834166,0.4824519442816601,6,11942.0,0.003720391166350111,0.692589772157728,1953.0,9.789723076923076,5.131790395247234,380.56893395504915,0.9492325855962219,0.872491145218418,0.91086186540732,True,Increase green space,9.204997023419777,45.579998076253155
Milano,2129,1249,39.69,0.03679850705757448,0.5961695981227964,6,17066.0,0.0,0.7398669906403015,2565.0,9.4122261208577,5.13065906992804,499.9357714165902,0.9421487603305785,0.9232585596221959,0.9327036599763872,True,Increase green space,9.204997023359356,45.59999471990989
Milano,2129,1250,39.118336,0.058950800536117405,0.7854251684040716,6,25775.0,0.0,0.9538642504998993,3334.0,11.462414517096581,5.129527041736332,649.9624571374615,0.8996458087367178,0.9622195985832349,0.9309327036599764,True,Increase green space,9.20499702330503,45.61999899214445
Milano,2129,1251,39.145,0.027267931722021733,0.6801173168368199,6,18797.0,0.0,0.7998358913268367,3087.0,11.37944264419961,5.128395174188847,601.9426926257233,0.9031877213695395,0.9362455726092089,0.9197166469893743,True,Increase green space,9.204997023256887,45.63999563416661
Milano,2129,1252,38.083332,0.03575211502385198,0.8950696041544332,3,15872.0,0.0,0.9931517325063802,2666.0,11.963225806451613,2.5637729980994406,1039.8736557317445,0.8087367178276269,0.9067296340023613,0.8577331759149941,True,Increase green space,9.20499702120499,45.65499529221915
Milano,2129,1253,38.32667,0.0032777829926691378,0.62681396420059,6,11051.0,0.0,0.7419164282454164,2644.0,10.246939084373818,5.126696216753831,515.7317477402928,0.8358913813459268,0.8606847697756789,0.8482880755608029,True,Increase green space,9.204997023169266,45.67000204333597
Milano,2129,1254,37.656666,0.028503668560273032,0.7918308268475625,6,15301.0,0.0,0.9458791202974978,3030.0,11.366112211221122,5.125563671630846,591.1544942404195,0.7733175914994097,0.9043683589138135,0.8388429752066116,True,Increase green space,9.204997023121113,45.68999868535677
Milano,2130,1240,39.515,0.06002675542295636,0.7674309688566158,6,42772.0,6.926531936102727e-05,1.0,1494.0,14.935107095046854,5.139444980295061,290.6928677567491,0.9291617473435655,0.9834710743801653,0.9563164108618654,True,Increase green space,9.234995802892973,45.43999868811025
Milano,2130,1241,40.839996,0.054879194001263835,0.824879592938521,6,51164.0,0.0,0.9554113530090258,2450.0,18.140355102040818,5.138315272801799,476.8099795215707,0.9887839433293979,0.9858323494687131,0.9873081463990555,True,Increase green space,9.234995802832756,45.45999533176477
Milano,2130,1242,39.97,0.02215980988122899,0.9215055176210681,3,27851.0,0.0,1.0,1469.0,18.089196732471066,2.5687336418859625,571.8771211021557,0.9563164108618654,0.9657615112160567,0.961038961038961,True,Increase green space,9.234995800868536,45.47500261716546
Milano,2130,1243,40.57834,0.11247200981191018,0.8267409846312789,6,72582.0,0.005637607743809014,1.0,3410.0,21.03151319648094,5.136619987590081,663.8606726287826,0.9846517119244392,1.0,0.9923258559622197,True,Targeted local cooling measures,9.234995802751278,45.48999411072314
Milano,2130,1244,40.456676,0.07924607957668374,0.8176374093937177,6,59285.0,0.0,1.0,3120.0,14.763926282051282,5.135489170973633,607.5370614418961,0.9811097992916175,0.9929161747343566,0.987012987012987,True,Cooling measures in dense built-up areas,9.234995802696957,45.50999838295822
Milano,2130,1245,41.308334,0.08468021393494556,0.8822474412485168,6,52461.0,0.0,1.0,2568.0,17.004143302180687,5.1343580831172435,500.1598950497975,0.9988193624557261,0.987012987012987,0.9929161747343566,True,Cooling measures in dense built-up areas,9.234995802642594,45.53000265519321
Milano,2130,1246,40.541668,0.021789727732043292,0.9057456467702684,6,36155.0,0.0,1.0,2328.0,15.83188144329897,5.133227155568901,453.51587401979964,0.9834710743801653,0.9763872491145218,0.9799291617473436,True,Increase green space,9.234995802594154,45.549999297217546
Milano,2130,1248,39.748325,0.038320074853111785,0.6349776290803234,6,17436.0,0.0009643448315408532,0.7789481489399263,2140.0,10.01727187646233,5.131530040379821,417.0296155650301,0.9456906729634003,0.9244391971664699,0.9350649350649352,True,Increase green space,9.234995802512687,45.57999807617461
Milano,2130,1249,40.839996,0.0334811439616264,0.7989715310137846,4,18116.0,0.0,0.8892876037217938,2808.0,11.659480056980057,3.5652209497116254,787.6089699930453,0.9887839433293979,0.9291617473435655,0.9589728453364816,True,Increase green space,9.22999859082114,45.5999945872113
Milano,2130,1250,39.609993,0.006032502395620913,0.7151333052167035,4,13398.0,0.0,0.7503822914648383,2438.0,12.798141919606234,3.5646548191266256,683.9371899120749,0.935064935064935,0.8878394332939787,0.911452184179457,True,Increase green space,9.22999859082167,45.61999885953795
Milano,2131,1238,38.5375,0.0316975442017041,0.7350823380655923,4,9956.0,0.005668084610291893,0.8144825540880567,993.0,11.294939516129032,3.570744353931687,278.093277360118,0.8559622195985832,0.8406139315230224,0.8482880755608029,True,Increase green space,9.25999737002487,45.399997640252906
Milano,2131,1239,38.214996,0.0768077684798526,0.7048775042653355,4,14155.0,0.0004956618906935834,0.888645007424543,726.0,13.552013793103447,3.570179438826452,203.35112350505338,0.8252656434474617,0.89728453364817,0.8612750885478158,True,Targeted local cooling measures,9.259997370025383,45.42000191257995
Milano,2131,1240,38.8575,0.01630486782951033,0.5411750285090077,4,9234.0,0.014031249258044836,0.6654607426161938,444.0,9.373325635103926,3.5696146036153684,124.3831755815625,0.885478158205431,0.820543093270366,0.8530106257378984,True,Increase green space,9.259997370031595,45.43999855493361
Milano,2131,1244,38.6875,0.04288248983017912,0.5989831488103959,4,12206.0,0.016287334373262123,0.8736680743887228,738.0,10.89520325203252,3.5676362898814262,206.85965161110303,0.8748524203069658,0.8783943329397875,0.8766233766233766,True,Increase green space,9.259997370027707,45.5099982498677
Milano,2131,1245,39.61,0.11378052804897208,0.6994486904291861,4,11716.0,0.011880557852893573,1.0,1255.0,10.674988047808766,3.5670706292020933,351.8293105064553,0.9362455726092089,0.8677685950413223,0.9020070838252656,True,Targeted local cooling measures,9.2599973700282,45.530002522194536
Milano,2131,1246,41.2275,0.13147591994823113,0.6997007909587369,4,9857.0,0.02020293468976734,1.0,1291.0,9.255465116279069,3.5665050487866683,361.97901933132005,0.9964580873671782,0.8382526564344747,0.9173553719008265,True,Targeted local cooling measures,9.259997370034412,45.54999916454634
Milano,2131,1247,39.699997,0.009071319756362184,0.7054938336488664,2,8323.0,0.0,0.7959784870783355,766.0,11.299699738903394,1.783040362447294,429.6032866853527,0.9433293978748524,0.79456906729634,0.8689492325855962,True,Increase green space,9.259997368165655,45.564998744716135
Milano,2131,1248,39.589996,0.01051028510730091,0.929820804456974,4,29345.0,0.00082475483415674,1.0,2264.0,13.37451413427562,3.565656316334247,634.9462200349012,0.9327036599763873,0.9681227863046045,0.9504132231404958,True,Increase green space,9.25999737003518,45.57999794364151
Milano,2131,1249,39.636673,0.027779797161713412,0.8705053773796968,6,26255.0,0.0,0.9696336797187138,3453.0,12.562586156964958,5.132595108097599,672.7590872212513,0.9386068476977568,0.9634002361275088,0.9510035419126328,True,Increase green space,9.254992463575945,45.599994720157724
Milano,2131,1250,39.17333,0.04777034707090406,0.7338456903844444,6,19871.0,0.0,0.9037317112687991,3506.0,11.848558789954337,5.131461761959048,683.2361152899847,0.9055489964580874,0.9445100354191264,0.9250295159386068,True,Increase green space,9.254992463513485,45.61999899239214
Milano,2132,1243,37.998333,0.016051480242422603,0.5832782224096312,6,16245.0,0.057643917174042096,0.8599279732815126,1355.0,12.549940959409593,5.138562887308866,263.692403832705,0.7969303423848878,0.9161747343565525,0.8565525383707202,True,Increase green space,9.284991242280768,45.48999411097179
Milano,2132,1244,38.49,0.05042444030578793,0.562995171960271,6,16447.0,0.02192004599434882,0.7046313815033723,1517.0,9.533812664907652,5.137430751854559,295.2837854704667,0.8488783943329398,0.9197166469893743,0.884297520661157,True,Increase green space,9.2849912422186,45.50999838320671
Milano,2132,1245,40.875,0.05472241980907597,0.7352580422523186,6,33097.0,0.022690520119669128,0.8229837784102844,2644.0,12.867090427544458,5.13629834522291,514.7676054408115,0.9905548996458088,0.9728453364817001,0.9817001180637545,True,Increase green space,9.284991242156446,45.53000265544155
Milano,2132,1246,39.600002,0.04588852623911252,0.7380478590785472,6,24451.0,0.0006929437297603396,0.8970546359642521,2880.0,9.994477249044806,5.135166099462764,560.8387234643301,0.9338842975206612,0.9574970484061394,0.9456906729634003,True,Increase green space,9.284991242099808,45.54999929746506
Milano,2132,1248,38.413334,0.03435002108182319,0.8415739746528751,6,36712.0,0.0024231143149729827,0.9928359019411023,3092.0,11.963458427693304,5.133467006825703,602.3219776982552,0.8394332939787486,0.9775678866587958,0.9085005903187722,True,Increase green space,9.284991242006585,45.57999807642187
Milano,2132,1250,38.11333,0.022210946653154002,0.2606685247242628,6,7456.0,0.005906299598795648,1.0,1717.0,7.721183048852266,5.131200457638054,334.61955232019005,0.8181818181818182,0.7591499409681228,0.7886658795749706,True,Increase green space,9.28499124187675,45.61999899231378
Milano,2133,1246,40.075005,0.07690852484223602,0.5098331697437097,4,13615.0,0.0018574910044459212,0.6873762265086074,1309.0,10.72768936495792,3.566287394301579,367.0483770016954,0.9622195985832349,0.8925619834710744,0.9273907910271546,True,Targeted local cooling measures,9.310000421645231,45.549999164451634
Milano,2133,1248,39.472504,0.06941655614715052,0.6365065846685218,4,9856.0,0.0,0.8392304872673942,940.0,10.090340425531915,3.565438312289851,263.6421998271227,0.9268004722550177,0.8370720188902007,0.8819362455726092,True,Increase green space,9.310000421645949,45.579997943546836
Milano,2133,1249,38.592506,0.014489356800922223,0.7227178045389755,4,10546.0,0.0014380957271767655,0.8179113965031841,1406.0,9.06045584045584,3.5648721605206264,394.4040449951683,0.8642266824085005,0.8488783943329398,0.8565525383707202,True,Increase green space,9.310000421641117,45.59999458706029
Milano,2133,1250,38.677498,0.027329907632006423,0.5737594235517316,4,9648.0,0.0015838015937383921,0.6949995014715404,1396.0,8.7944787922358,3.564305657412593,391.6611352050505,0.872491145218418,0.8311688311688312,0.8518299881936247,True,Increase green space,9.310000421641597,45.61999885938695
Milano,2134,1243,37.79666,0.043049403546081215,0.5287387699090785,6,12537.0,0.0,0.6734807089343308,1244.0,11.489453376205788,5.13812911638597,242.1114712810094,0.7851239669421488,0.8807556080283353,0.832939787485242,True,Increase green space,9.334994292478811,45.48999411084121
Milano,2134,1244,38.690002,0.058246047471582886,0.7478290655678069,6,23348.0,0.0,0.8873296687579199,1592.0,11.507875549968572,5.1369965128146315,309.908717288134,0.8760330578512396,0.9539551357733176,0.9149940968122786,True,Increase green space,9.334994292417136,45.509998383076145
Milano,2134,1245,40.31334,0.07944039972507676,0.6728197219015168,6,22059.0,0.00776956759178966,0.8180343516821865,2773.0,10.781659436008677,5.135863638336744,539.9286654148862,0.9775678866587958,0.948051948051948,0.9628099173553719,True,Targeted local cooling measures,9.334994292355471,45.53000265531099
Milano,2134,1246,39.92833,0.0629988415511419,0.5411666655421654,6,12844.0,0.02774191371901365,0.6985259311804922,1510.0,9.807284196547146,5.134730925177617,294.07577962768653,0.9515938606847698,0.8842975206611571,0.9179456906729635,True,Increase green space,9.33499429229894,45.549999297334075
Milano,2134,1248,40.24834,0.022063068242235518,0.6512016460433543,6,11360.0,0.0,0.7831555809290328,1893.0,9.806133122028525,5.133031131857854,368.78794446642013,0.9716646989374262,0.8630460448642266,0.9173553719008265,True,Increase green space,9.334994292206458,45.57999807629092
Milano,2134,1249,38.718334,0.004879397354351639,0.4312172071923382,6,7667.0,0.0,0.46243280330669884,1545.0,9.030436197916666,5.131897742169116,301.0582201014336,0.8772136953955135,0.768595041322314,0.8229043683589138,True,Increase green space,9.334994292139687,45.59999471994884
Milano,2134,1250,37.496662,0.052625317449444355,0.4766631497177926,6,7857.0,0.0,0.5659652997535295,1362.0,8.289844903988184,5.130763649316733,265.45756013948886,0.7591499409681228,0.7780401416765053,0.768595041322314,True,Increase green space,9.334994292078019,45.619998992183255
Milano,2135,1245,39.412506,0.0186186995636839,0.4538192678087557,4,7656.0,0.007193637158896544,0.5181655986423382,1089.0,7.429862132352941,3.5690107939035727,305.1265638815612,0.922077922077922,0.7674144037780402,0.8447461629279811,True,Increase green space,9.359995843856955,45.530002522199766
Milano,2135,1248,39.57,0.003090099131336254,0.5845955707022307,4,9262.0,0.0,0.6263877929312588,1342.0,10.361263079222722,3.5675931813408837,376.1639659529812,0.9315230224321134,0.8217237308146399,0.8766233766233766,True,Increase green space,9.359995843863002,45.57999794364524
Milano,2135,1250,38.52001,0.05394545035965813,0.5650345885503634,4,8338.0,0.0,0.6958722937266153,1245.0,9.686205501618122,3.566458352328234,349.0858092278707,0.8536009445100354,0.7957497048406139,0.8246753246753247,True,Increase green space,9.359995843858954,45.61999885948576
Milano,2136,1245,38.446667,0.020332434197536425,0.45131832145553696,6,15423.0,0.015622742437270902,0.513649955513534,1513.0,8.628845388188454,5.135427607660344,294.6200619677919,0.8441558441558441,0.9055489964580874,0.8748524203069658,True,Increase green space,9.384997312539232,45.53000265518047
Milano,2136,1246,39.091663,0.03269497204866905,0.426210726271377,6,8220.0,0.0058125188916596,0.5251700538325627,1060.0,7.432960840496658,5.134294427213268,206.45485276062252,0.898465171192444,0.7933884297520661,0.8459268004722551,True,Increase green space,9.384997312495928,45.54999929720316
Milano,2136,1250,37.804996,0.037231503320218316,0.4292390926533049,6,10972.0,0.0,0.5152026544534893,1655.0,9.04501223990208,5.1303255177063045,322.5916161241805,0.7874852420306966,0.859504132231405,0.8234946871310508,True,Increase green space,9.38499731232306,45.61999899205278
Milano,2136,1253,37.61667,0.05062093347423472,0.4621295720347199,6,8385.0,0.0,0.5439715359542207,1349.0,8.609362017804154,5.1274883691066675,263.0917718171301,0.768595041322314,0.7992916174734357,0.7839433293978748,True,Increase green space,9.384997312202936,45.67000204324398
Milano,2137,1243,37.885,0.019363357947894688,0.593212765852927,6,8370.0,0.003918011489149259,0.6681051143205884,1302.0,8.080368946963874,5.137432083629083,253.43400726385215,0.7910271546635183,0.7981109799291618,0.79456906729634,True,Increase green space,9.414996092459686,45.48999411063242
Milano,2137,1244,37.551994,0.024199353620032678,0.3382056154347742,5,9520.0,0.008648205914123807,0.3770853032880882,973.0,9.414132231404958,4.3517114276831705,223.59019346051178,0.7638724911452184,0.8264462809917356,0.7951593860684769,True,Increase green space,9.41294523206415,45.509097300899974
Milano,2137,1245,39.17749,0.034253371928027604,0.6436287840005513,4,13743.0,0.005617189031875044,0.7242034569345845,1398.0,9.214753042233358,3.5664160729824936,391.9901580162215,0.9067296340023613,0.8937426210153483,0.9002361275088548,True,Increase green space,9.409991266072877,45.530002521911406
Milano,2137,1248,39.229996,0.03428162846924615,0.6021349963610629,4,8038.0,0.0,0.700794537452998,977.0,8.917085478887744,3.5650000131158492,274.0532949244203,0.9079102715466352,0.7863046044864227,0.8471074380165289,True,Increase green space,9.40999126607845,45.57999794335762
Milano,2137,1251,38.542496,0.03541077800294892,0.5315679278413632,4,8415.0,0.0,0.6030334847726024,1199.0,8.702379746835442,3.5632995409675448,336.4858851227632,0.8571428571428571,0.8004722550177096,0.8288075560802833,True,Increase green space,9.409991266079679,45.639995501547844
Milano,2138,1246,38.765,0.007350652281906937,0.4601960379775694,6,9880.0,0.009465589270932336,0.4625470231447896,1244.0,6.1970427074939565,5.133856102285856,242.31298564174938,0.8807556080283353,0.8394332939787486,0.860094451003542,True,Increase green space,9.435000365130792,45.549999297072354
Milano,2138,1254,39.29167,0.11149953691221359,0.596757434029655,6,9292.0,0.00470081278355603,0.7157468194728742,2039.0,8.478172888015719,5.125911710675361,397.78289504158334,0.910271546635183,0.8240850059031877,0.8671782762691853,True,Targeted local cooling measures,9.435000364790508,45.689998685132174
Milano,2141,1247,39.311672,0.040965621903980814,0.3718786488390909,6,9467.0,0.00853319631376613,0.5011851105523855,1223.0,7.568586688578471,5.129639911791313,238.41829466211368,0.9138134592680047,0.8252656434474617,0.8695395513577332,True,Increase green space,9.514994579924528,45.569995940144715
Milano,2141,1249,39.120007,0.1070128881218267,0.5278794180660388,6,9016.0,0.011035038853772253,0.5866266952346967,1668.0,10.000422195416164,5.127938481807873,325.27691311381346,0.9008264462809917,0.8134592680047226,0.8571428571428572,True,Targeted local cooling measures,9.5149945798427,45.5999947191024
Praha,2300,1505,35.3375,0.030910422858282237,0.25069864348203624,4,2229.0,0.0,0.33028912615795303,1431.0,3.292391304347826,3.4495259585930445,414.83960902954357,0.8648302370275465,0.8814862267777066,0.8731582319026265,True,Increase green space,13.917896106546921,50.14209898793869
Praha,2304,1510,35.306667,0.018056038620246295,0.14482750008926662,6,1132.0,0.0030514949108507703,0.1714614780307457,1032.0,2.671193293885602,4.895146355154696,210.82107155249432,0.8641896220371557,0.7850736707238949,0.8246316463805252,True,Increase green space,14.034991381157013,50.2299995563141
Praha,2305,1510,35.795,0.07725329025216877,0.32819192763927585,6,8447.0,0.017823399706907845,0.4559483390051841,2737.0,5.788252923976608,4.8932877910751165,559.3376308240082,0.9083920563741191,0.957078795643818,0.9327354260089686,True,Expand street trees and shade,14.064997702494322,50.22999955604249
Praha,2305,1513,35.250008,0.018778368844762142,0.19109477803675018,5,1306.0,0.007601824554901104,0.20603297070784515,1075.0,3.071860465116279,4.168818716999874,257.86681383296826,0.8558616271620756,0.8135810377962844,0.83472133247918,True,Increase green space,14.072931352227766,50.28087008642951
Praha,2306,1495,34.943993,0.08489736854080614,0.6859563165357133,5,9959.0,0.03460428259121334,0.7505563859598837,3271.0,6.794463466829716,4.182812997754371,782.0096193055017,0.820627802690583,0.9654067905188981,0.8930172966047405,True,Targeted local cooling measures,14.072932694734302,49.96086544127176
Praha,2306,1513,34.883995,0.06281610724378274,0.12921353768411437,5,1225.0,0.0,0.16696430518778635,817.0,2.948680641183724,4.168058877688148,196.0145055468018,0.8116591928251121,0.8001281229980781,0.8058936579115952,True,Increase green space,14.097061499173725,50.279136177934056
Praha,2308,1502,36.225002,0.005912611250776749,0.3134787612931373,6,4003.0,0.005021881262902675,0.3554662948273451,2217.0,4.2270054200542,4.904772642848537,452.0087191467526,0.9397821909032671,0.9244074311338886,0.9320948110185778,True,Increase green space,14.134997306736519,50.079998031694984
Praha,2309,1501,35.696667,0.001603751508130336,0.28048709499621743,6,2215.0,0.003211162916429019,0.3274409398514435,1593.0,2.5000251730648206,4.906197935325588,324.6913436838916,0.8949391415759129,0.8808456117873158,0.8878923766816144,True,Increase green space,14.164996085127713,50.06000138985417
Praha,2309,1508,34.78833,0.020403223729352504,0.17648223652170625,6,1344.0,0.0,0.18231378814687674,1090.0,2.8575459558823533,4.898708255385105,222.50763735557695,0.7994875080076874,0.8187059577194107,0.809096732863549,True,Increase green space,14.174990772822857,50.18999864076281
Praha,2310,1500,36.575012,0.00743164036537628,0.3391365219249929,2,1051.0,0.0,0.41166209714778473,758.0,2.696662251655629,1.7273541914725339,438.82140891661635,0.9577194106342088,0.7732222934016656,0.8654708520179373,True,Increase green space,14.189997671445672,50.04499446426073
Praha,2310,1507,35.093338,0.04408803882883464,0.12135588096029769,6,1043.0,0.01510692121959531,0.11055647784540114,797.0,3.4510606060606057,4.898012448425129,162.71906378193498,0.840486867392697,0.7713004484304933,0.8058936579115952,True,Increase green space,14.204997091061932,50.17000199857345
Praha,2311,1499,35.803326,0.043074473245040434,0.6100875210567497,3,2830.0,0.0,0.6928840120544241,1543.0,4.499909031838857,2.4543338607525533,628.6838252424558,0.9096732863549007,0.9039077514413837,0.9067905188981422,True,Increase green space,14.214999146852312,50.025005649890176
Praha,2311,1500,36.718334,0.003845330146679375,0.18461890640960046,6,2593.0,0.0,0.18014803087062983,1460.0,3.845704175513093,4.907795211257797,297.48592538070125,0.9609224855861627,0.8930172966047405,0.9269698910954516,True,Increase green space,14.214999135382705,50.039997117776785
Praha,2311,1501,35.434998,0.03749049789368101,0.2855103564090787,4,3855.0,0.014872181941756882,0.3668666875699015,1370.0,3.280272861356932,3.4544006756196413,396.5955685653787,0.8718770019218449,0.9224855861627163,0.8971812940422805,True,Increase green space,14.219996439166325,50.06000127654095
Praha,2311,1502,34.92333,0.02619634635194779,0.23407668730719747,6,3115.0,0.00790102738240075,0.31540048748457244,1462.0,3.739028062970568,4.905553055552157,298.02959695753225,0.8180653427290199,0.9096732863549007,0.8638693145419603,True,Increase green space,14.224993825310065,50.07999803193295
Praha,2312,1500,36.491673,0.0029027870148772886,0.2788917239122745,6,2630.0,0.0,0.29279128906452717,1662.0,3.94312879708384,4.908053963117247,338.6270836648291,0.9525944907110826,0.8968609865470852,0.924727738629084,True,Increase green space,14.244997913836967,50.03999711785597
Praha,2313,1500,36.30667,0.008388446406084701,0.31354957486784185,6,3067.0,0.007550563985298305,0.29396403535964993,1536.0,4.40521623419827,4.908312226722539,312.93852734907284,0.9442664958360025,0.9083920563741191,0.9263292761050608,True,Increase green space,14.274996692291419,50.03999711793514
Praha,2313,1501,35.996674,0.010544533557888503,0.3750509054693809,6,6530.0,0.0024750137367064726,0.39175764333052016,1075.0,5.542926829268293,4.907148252106355,219.06817254574787,0.9237668161434978,0.9506726457399103,0.9372197309417041,True,Increase green space,14.274996692390378,50.06000139014436
Praha,2313,1502,35.194996,0.008728399384849723,0.36147410941537733,6,1853.0,0.020215456546812605,0.3329335489552632,923.0,4.558789531079607,4.905984432591213,188.13757211873082,0.8526585522101218,0.8609865470852018,0.8568225496476618,True,Increase green space,14.274996692453476,50.07999803206531
Praha,2313,1505,34.555004,0.10173236870449376,0.33724341815877473,6,1807.0,0.002335773696807744,0.3895649697002331,1109.0,3.2184119782214156,4.903159920449141,226.18067083123262,0.7514413837283792,0.8565022421524664,0.8039718129404227,True,Expand street trees and shade,14.284991384826272,50.12999345471869
Praha,2314,1500,35.095005,0.06010614016075,0.4409360106011683,6,14425.0,0.0,0.5723964707751179,2097.0,6.255822050290135,4.908570214541363,427.2119799341477,0.8411274823830878,0.9756566303651505,0.9083920563741191,True,Increase green space,14.304995657581795,50.039997118014334
Praha,2314,1501,35.023335,0.13200403029738272,0.7658873310528658,6,21855.0,0.0,0.9256567950632663,2247.0,8.103195371606587,4.90740649030059,457.87933085248983,0.8340807174887892,0.988468930172966,0.9112748238308777,True,Cooling measures in dense built-up areas,14.304995657581891,50.06000139022352
Praha,2314,1506,34.661667,0.08509618775792888,0.25726729788391345,6,3464.0,0.0,0.30007462197667295,1555.0,4.3423052157115265,4.900131420949265,317.33842756787976,0.7761050608584241,0.9163997437540038,0.8462524023062139,True,Expand street trees and shade,14.314997700633313,50.14999772665423
Praha,2314,1507,34.530006,0.0334383502806316,0.16572181423647767,4,1280.0,0.0,0.20835869906415705,573.0,3.019581151832461,3.4496289627124166,166.10482060350472,0.7501601537475977,0.8116591928251121,0.780909673286355,True,Increase green space,14.31210085156251,50.1679023097303
Praha,2314,1509,34.618336,0.04565118991283435,0.10069612125789229,6,1156.0,0.0016883164422193786,0.10186015470898607,556.0,3.3156137184115524,4.897220291464722,113.53379405232036,0.7668161434977578,0.7879564381806534,0.7773862908392056,True,Increase green space,14.314997700756887,50.20000077778135
Praha,2314,1512,34.766663,0.0956532325935161,0.5672595137376399,3,1769.0,0.0,0.6033176671191643,1371.0,6.953121808898614,2.4481103417269856,560.023776964582,0.7937219730941704,0.8552210121716848,0.8244714926329275,True,Cooling measures in dense built-up areas,14.324999755616183,50.2550013764032
Praha,2315,1500,34.562492,0.27912798954626755,0.5409233838685271,4,29791.0,0.011642032466070915,0.7613380739969768,1409.0,8.402215099715098,3.4554555552510076,407.76099633486643,0.7527226137091608,0.994234465086483,0.8734785393978219,True,Targeted local cooling measures,14.329997049179072,50.03999700442978
Praha,2316,1511,35.29001,0.022269020889031727,0.3033184256859156,3,1988.0,0.0003623100493580294,0.3240445758138081,1115.0,3.4045103324348607,2.447850646504759,455.5016465535134,0.8622677770659833,0.8686739269698911,0.8654708520179373,True,Increase green space,14.37499527107261,50.23499710359774
Praha,2317,1511,35.059998,0.0999313665418243,0.36444995949197684,4,5011.0,0.0,0.4035750070933254,1708.0,4.376241926012918,3.447980157986396,495.3624794051785,0.8366431774503523,0.9385009609224856,0.887572069186419,True,Expand street trees and shade,14.407893115729484,50.2320984490796
Praha,2318,1511,35.956,0.11066438389698208,0.13041405558115998,5,1210.0,0.004394691019235672,0.20631239476359992,743.0,3.4730188679245284,4.173357334050164,178.03411990099892,0.9192825112107623,0.7975656630365151,0.8584240871236387,True,Expand street trees and shade,14.432932390861566,50.23086790253702
Praha,2319,1494,34.963333,0.029853503942964627,0.12709792727453376,6,1061.0,0.004000696827150821,0.13637173152402526,825.0,3.199247572815534,4.916069484136397,167.81699336475657,0.8244714926329276,0.7751441383728379,0.7998078155028827,True,Increase green space,14.435000349357844,49.929996509388914
Praha,2319,1501,35.895,0.11908328406445749,0.8346652197742662,6,44355.0,0.0,1.0,4017.0,12.951966641772469,4.909185533871349,818.2620054353949,0.9160794362588085,0.9993593850096092,0.9577194106342088,True,Cooling measures in dense built-up areas,14.444995049263351,50.04999925359736
Praha,2319,1502,36.219997,0.12277707453523996,0.8635277835189418,6,76787.0,0.0,1.0,5200.0,16.406732692307692,4.908023278439166,1059.4896774111648,0.938821268417681,1.0,0.9694106342088404,True,Cooling measures in dense built-up areas,14.444995049298853,50.06999589730354
Praha,2319,1503,35.81667,0.1457673783219602,0.7247266518500021,6,41199.0,0.09335837077071585,0.933021195567005,3536.0,16.23389250353607,4.9068602894837365,720.6237372558312,0.9109545163356823,0.9974375400384369,0.9541960281870596,True,Targeted local cooling measures,14.444995049297168,50.09000016951248
Praha,2319,1506,34.955994,0.0998209194029491,0.42658106139830787,5,5807.0,0.0,0.5521514478577748,2258.0,4.814556344276841,4.176354470070498,540.6629193431189,0.823190262652146,0.9481101857783472,0.8856502242152466,True,Add water features,14.452932106538732,50.14086498819985
Praha,2319,1507,36.166668,0.02454930434416933,0.169955130002491,6,1321.0,0.0,0.2257508835588583,1138.0,3.430591350397176,4.900754097152975,232.20916157803254,0.9352978859705318,0.8155028827674567,0.8754003843689943,True,Increase green space,14.454997089340937,50.15999986223358
Praha,2319,1510,36.3425,0.017971013514314436,0.1581365118516843,4,1076.0,0.0,0.18935254215392117,676.0,2.597008928571429,3.448777590186687,196.0114801034204,0.9474695707879565,0.7770659833440102,0.8622677770659833,True,Increase green space,14.457895496626806,50.21209484694012
Praha,2320,1501,35.546,0.12770742839654056,0.804128556579711,5,15338.0,0.007998195082536975,1.0,4040.0,10.069903465346535,4.182528239152855,965.9229463608539,0.8795643818065343,0.9769378603459321,0.9282511210762332,True,Targeted local cooling measures,14.472928972933694,50.050868983485614
Praha,2320,1502,35.91167,0.1299543489535865,0.7487229494165009,6,42042.0,0.0,1.0,3814.0,12.599365495542738,4.908278674629559,777.0544936077521,0.9180012812299808,0.9980781550288277,0.9580397181294042,True,Cooling measures in dense built-up areas,14.47499382903887,50.06999589738288
Praha,2320,1503,35.086666,0.22475670821960617,0.6686838510924744,6,30889.0,0.0,1.0,3012.0,11.498221409574468,4.907115936386582,613.802493979371,0.8392056374119155,0.9955156950672646,0.91736066623959,True,Cooling measures in dense built-up areas,14.474993829036782,50.090000169591804
Praha,2320,1504,34.686665,0.12744849714146309,0.7067968298390489,3,18135.0,0.08322031963640071,0.9789386396170884,1403.0,12.895951532430507,2.453122183316687,571.9242235635838,0.7809096732863549,0.9833440102498399,0.8821268417680974,True,Targeted local cooling measures,14.474993841310592,50.10499222179175
Praha,2320,1506,35.124012,0.27342796431004646,0.4424902283501412,5,11784.0,0.0,0.6977680468552678,2295.0,5.864208223972003,4.177709952581803,549.3440248482789,0.8449711723254324,0.968609865470852,0.9067905188981422,True,Add water features,14.477060612990066,50.13912514149535
Praha,2320,1507,37.426003,0.01234041627188025,0.165414652943693,5,1511.0,0.0,0.17302170737870287,947.0,2.554072847682119,4.175674746640978,226.78969447076582,0.982703395259449,0.8379244074311338,0.9103139013452914,True,Increase green space,14.48293082058627,50.16086913046467
Praha,2320,1508,36.155,0.032136963792595584,0.23090587542801655,6,2136.0,0.004527542353803734,0.24982845264095233,1380.0,3.88602033405955,4.8998481924938115,281.64137862761817,0.934657270980141,0.8763613068545804,0.9055092889173606,True,Increase green space,14.48499586852583,50.17999650602084
Praha,2320,1509,36.733326,0.007549267492342387,0.22812985461309154,3,2042.0,0.0,0.2546236223128201,909.0,4.323660418963616,2.449487714731421,371.098003281747,0.9615631005765535,0.8705957719410634,0.9160794362588085,True,Increase green space,14.484995880888672,50.195003817638934
Praha,2320,1510,37.286663,0.037196974662638105,0.18774530823562322,6,2247.0,0.0,0.19880140461727835,1266.0,3.6862142857142857,4.898103372693059,258.4673910840579,0.9788597053171044,0.8840486867392697,0.931454196028187,True,Increase green space,14.484995868599642,50.209995284939
Praha,2320,1511,38.16833,0.048729497997619386,0.17635374024480102,6,1429.0,0.006443315141690618,0.21456734025572088,1062.0,3.200518867924528,4.896939501020648,216.87014915717296,0.9935938500960922,0.8283151825752723,0.9109545163356823,True,Increase green space,14.48499586864885,50.229999557147245
Praha,2320,1513,35.282,0.08191440275284853,0.1914742311946732,5,1384.0,0.0,0.2102877361773519,1321.0,2.959104024297646,4.1719966093552765,316.6349649081191,0.8613068545803971,0.8244714926329276,0.8428891736066624,True,Expand street trees and shade,14.49292981677365,50.27086988129163
Praha,2320,1518,36.4125,0.01589574774083189,0.33126178698220266,4,1177.0,0.0,0.37133287379924523,1280.0,3.992431587177482,3.4468602592049025,371.35244940137534,0.9500320307495196,0.7911595131326074,0.8705957719410635,True,Increase green space,14.499995217485544,50.359996696588176
Praha,2321,1497,34.56834,0.016388391465316673,0.3853024637793541,6,3995.0,0.005030383040163898,0.3997146506560913,1952.0,4.293216855087359,4.913675147020691,397.2586590677563,0.7559256886611146,0.9237668161434978,0.8398462524023063,True,Increase green space,14.494997906519364,49.979999560677555
Praha,2321,1502,35.744987,0.09092153552981067,0.8481880736898599,4,24585.0,0.0,1.0,3226.0,11.203000619962802,3.4553069368845977,933.6363046545014,0.903267136450993,0.9903907751441384,0.9468289557975658,True,Cooling measures in dense built-up areas,14.499995217587882,50.0699957838224
Praha,2321,1504,34.58751,0.23254138498508395,0.7103181284998927,4,12094.0,0.0,1.0,1502.0,10.283404682274249,3.453249858361105,434.9525987421141,0.7591287636130686,0.9698910954516335,0.8645099295323511,True,Cooling measures in dense built-up areas,14.507889442494504,50.102097990802626
Praha,2321,1505,34.81833,0.19009614993864613,0.6027329878164192,6,28557.0,0.0,0.895650306961457,1949.0,10.777776065742168,4.905627266340618,397.29883543595605,0.8046124279308136,0.9929532351057014,0.8987828315182576,True,Cooling measures in dense built-up areas,14.504992608772627,50.119998948589824
Praha,2321,1506,35.573334,0.03189377965436342,0.6217349144236092,6,17619.0,0.0,0.6802271582118983,1670.0,8.577685749086479,4.9044644963756365,340.5060840452852,0.8846893017296604,0.9820627802690582,0.9333760409993593,True,Increase green space,14.504992608732284,50.13999559051065
Praha,2321,1507,37.093994,0.029246132216110277,0.2281805839779658,5,4427.0,0.005924796645092197,0.2644487138198426,635.0,5.762151898734177,4.17702947137687,152.021910391426,0.9756566303651505,0.9333760409993593,0.9545163356822549,True,Increase green space,14.507059457543955,50.15912954428302
Praha,2321,1508,35.84667,0.002405502928104419,0.24275771761159667,3,1850.0,0.0,0.24447591441382074,999.0,4.081901901901902,2.725088151627934,366.5936455682029,0.9128763613068546,0.860345932094811,0.8866111467008329,True,Increase green space,14.50816380339452,50.17866692393898
Praha,2321,1509,34.896008,0.11921859204666414,0.273075122892679,5,2555.0,0.004520768271199918,0.44271330582672574,1552.0,3.2743234536082473,4.174580321347418,371.7738983398133,0.8142216527866752,0.8920563741191544,0.8531390134529149,True,Expand street trees and shade,14.517059783858299,50.19086766259748
Praha,2321,1510,36.81834,0.03572826665239724,0.2518863351347353,6,2676.0,0.0,0.25410370289389295,1442.0,3.333801250868659,4.898360309454222,294.38422429171374,0.9660474055092889,0.8987828315182576,0.9324151185137732,True,Increase green space,14.514994647697884,50.2099952850181
Praha,2321,1511,36.531666,0.08741264943602466,0.12575315198012407,6,951.0,0.0,0.14597670691263773,792.0,2.962240506329114,4.89719668650402,161.72517681036575,0.9538757206918642,0.7572069186418963,0.8555413196668802,True,Expand street trees and shade,14.514994647747073,50.22999955722633
Praha,2321,1512,35.57166,0.12727099420631452,0.32426016435630073,6,11876.0,0.017459336681841017,0.4750621859822755,2583.0,5.621677067082683,4.896033217121689,527.5699500908432,0.8837283792440743,0.9692504804612428,0.9264894298526586,True,Expand street trees and shade,14.514994647758238,50.24999619914425
Praha,2321,1517,34.99667,0.12609901833333223,0.2155912150348743,6,1352.0,0.0,0.22490944202590035,1466.0,2.6229298486932597,4.892990358760528,299.6122805300931,0.8302370275464446,0.8193465727098014,0.8247918001281229,True,Expand street trees and shade,14.524996686802865,50.34000016656385
Praha,2322,1496,34.650005,0.011065324741320015,0.3267358411146657,6,2175.0,0.0,0.29444485772555934,1134.0,4.504472984942427,4.9128780009099176,230.8219336588393,0.7725816784112748,0.8782831518257527,0.8254324151185137,True,Increase green space,14.514994647082077,49.95999528816602
Praha,2322,1497,35.149994,0.020733894991696106,0.4543447954048594,4,3437.0,0.010145249094420092,0.5082367561005112,1453.0,3.5890289256198344,3.455880144261141,420.4428218996142,0.8468930172966047,0.9151185137732223,0.8810057655349135,True,Increase green space,14.519991860616962,49.979999446455174
Praha,2322,1502,35.758335,0.14752174574861637,0.7358833935945012,6,4273.0,0.0,0.9395767553034565,1968.0,9.394239959328928,4.90870308950849,400.92056172765103,0.9045483664317745,0.928891736066624,0.9167200512491993,True,Cooling measures in dense built-up areas,14.524996685431693,50.069995897515184
Praha,2322,1505,35.40167,0.13370942473060937,0.5461634630561862,6,985.0,0.0,0.8529324663872382,1190.0,4.467491525423729,4.905882320248015,242.5659488586836,0.8673926969891096,0.7642536835361947,0.8158231902626522,True,Cooling measures in dense built-up areas,14.534991388511607,50.11999894866916
Praha,2322,1506,35.06833,0.14154179129492817,0.38172677212483047,6,9143.0,0.0,0.6618858822781509,2218.0,6.205191700496166,4.904719800560443,452.2174742268779,0.8372837924407431,0.9609224855861627,0.899103139013453,True,Add water features,14.534991388470674,50.139995590590225
Praha,2322,1507,35.179993,0.04275697457014674,0.3526475330372196,6,7477.0,0.000388249356166694,0.41793533719711845,2760.0,4.861886380189366,4.903556546693437,562.8567701255778,0.8500960922485586,0.9557975656630365,0.9029468289557976,True,Increase green space,14.53499138846767,50.15999986279818
Praha,2322,1508,35.070007,0.004195595790282229,0.15573866478701215,3,1363.0,0.0,0.15750985140105653,795.0,3.7329910141206675,2.4513420732512436,324.3121425911734,0.8379244074311338,0.8212684176809737,0.8295964125560538,True,Increase green space,14.53499140096158,50.17499954569745
Praha,2322,1510,35.96666,0.027656574111264227,0.191012163716202,6,2346.0,0.0033122939235045936,0.2053543215938822,1332.0,3.5011786786786785,4.900733189873488,271.7960656891801,0.9205637411915438,0.8872517616912236,0.9039077514413837,True,Increase green space,14.54500095804491,50.20999528544996
Praha,2322,1511,34.72166,0.0430300120443308,0.1250662770344815,6,1239.0,0.008167091028403855,0.12548556103402334,971.0,3.6294380853277834,4.899569002120022,198.1806970327089,0.7873158231902626,0.804932735426009,0.7961242793081358,True,Increase green space,14.54500095814674,50.229999557658005
Praha,2323,1502,34.920006,0.060185584687315066,0.46790502435262304,5,4208.0,0.001203021676379749,0.5295298161601246,1478.0,6.650209742895806,4.182310487626973,353.3931792899029,0.816463805253043,0.9269698910954516,0.8717168481742472,True,Increase green space,14.55293152282598,50.06912755131061
Praha,2323,1507,34.572495,0.020320744888641974,0.15326230910547864,4,1474.0,0.0,0.23390923649501283,1041.0,3.20447628458498,3.450992087433227,301.6523867993778,0.7572069186418963,0.83472133247918,0.7959641255605381,True,Increase green space,14.562101995031963,50.15789582119358
Praha,2323,1508,35.605995,0.051672000243804125,0.13305354678765138,5,1209.0,0.0016236172370251672,0.14066995698906143,805.0,4.565632183908046,4.175772157142935,192.77871725424342,0.8898142216527867,0.7969250480461243,0.8433696348494555,True,Increase green space,14.567062720609618,50.170869923655935
Praha,2323,1514,35.98834,0.055658017214247006,0.23620287466490253,6,1650.0,0.0,0.22766386513738182,1273.0,3.1162893081761007,4.896914111671264,259.9596339592607,0.9224855861627163,0.8456117873158232,0.8840486867392697,True,Increase green space,14.57499973686157,50.28000260886232
Praha,2324,1496,34.791668,0.01891403907642365,0.12576315300060356,6,1192.0,0.0,0.13551260849646415,702.0,3.026447931526391,4.915510301879604,142.8132496704498,0.8007687379884689,0.795003203074952,0.7978859705317105,True,Increase green space,14.574999735228056,49.95999528867998
Praha,2324,1507,34.676678,0.10799071377182341,0.34065836799037613,3,2244.0,0.008886361387128774,0.39687373158436784,1104.0,4.169836956521739,2.4511195691857646,450.40642401901954,0.7789878283151825,0.8830877642536835,0.8310377962844331,True,Expand street trees and shade,14.594996490705835,50.15499527289154
Praha,2324,1514,34.60167,0.08845579036582742,0.11392357607556225,6,1191.0,0.0,0.13292740402317268,982.0,3.56634693877551,4.897170036105323,200.52397461391317,0.763613068545804,0.7943625880845612,0.7789878283151825,True,Expand street trees and shade,14.604998515322174,50.28000260894158
Praha,2324,1516,36.484,0.03657071648366602,0.1861010684255697,5,1214.0,0.0,0.2052781359704572,983.0,3.1079162410623087,4.17174208948978,235.63297512484158,0.9519538757206919,0.7982062780269058,0.8750800768737989,True,Increase green space,14.607063642990505,50.31912960187369
Praha,2325,1505,35.57166,0.018999254315252956,0.7036060384827603,6,9707.0,0.0,0.7206779439489797,2960.0,7.918855298913043,4.906560143784332,603.2739665384008,0.8837283792440743,0.9647661755285074,0.9242472773862909,True,Increase green space,14.614993220745188,50.11999894888088
Praha,2325,1507,34.624992,0.0016622215435703486,0.17433817989485997,4,1724.0,0.0,0.2060840835726266,865.0,3.3745296167247383,3.4513707397599283,250.62506036664377,0.7680973734785393,0.8526585522101218,0.8103779628443306,True,Increase green space,14.619997963782902,50.14999761434367
Praha,2325,1508,34.643337,0.09626378631180658,0.11817938743418982,6,1070.0,0.002061488296077633,0.13856660049722222,745.0,2.879959349593496,4.901621983820193,151.99050486944466,0.7706598334401025,0.7764253683536195,0.773542600896861,True,Expand street trees and shade,14.624995257223784,50.170001999680615
Praha,2326,1505,34.660004,0.012265268364824744,0.16561417584254567,6,1977.0,0.0016788620635798236,0.17263260638515152,935.0,4.032963776070252,4.906813426470829,190.55136577151015,0.7751441383728379,0.8673926969891096,0.8212684176809737,True,Increase green space,14.644992000484045,50.1199989489603
Praha,2329,1486,34.8,0.22659587912254633,0.3274121040241571,6,1659.0,0.005765063207544715,0.42758014180537945,1182.0,5.803387096774194,4.927511355715893,239.87768158644317,0.8023702754644458,0.8468930172966047,0.8246316463805252,True,Expand street trees and shade,14.694995053021865,49.77000047848643
Praha,2329,1487,34.83,0.14599516254529574,0.42324854654405963,6,11597.0,0.0,0.4550021942677906,3148.0,7.087199103713188,4.926355275512919,639.0119721262366,0.8068545803971813,0.9679692504804612,0.8874119154388213,True,Expand street trees and shade,14.69499505305645,49.78999712218516
Praha,2329,1493,34.761658,0.22970543953617395,0.20868090192824704,6,1244.0,0.0049231423765409375,0.2749755593828338,1192.0,3.3899402730375425,4.917946900202201,242.37756612439043,0.7924407431133889,0.8058936579115952,0.799167200512492,True,Expand street trees and shade,14.704997087087607,49.899997730828325
Praha,2329,1506,34.6325,0.0012221999716774783,0.29407437533996866,4,3214.0,0.0,0.3156655985453913,1317.0,3.993673780487805,3.452415618342833,381.4720316414751,0.7687379884689302,0.9109545163356823,0.8398462524023063,True,Increase green space,14.729998573795786,50.129993342232346
Praha,2329,1507,34.714996,0.049869100623495706,0.17747014448966203,6,2594.0,0.0,0.20001096375399588,1132.0,5.254086879432624,4.903712613372239,230.8455020208727,0.7853939782190903,0.8936579115951313,0.8395259449071109,True,Increase green space,14.734995866800261,50.14999772776293
Praha,2332,1510,35.251663,0.10677051856284642,0.2543575668692589,6,3414.0,0.0,0.4076909291437166,1842.0,4.671652983032294,4.903679908386888,375.63626386982986,0.8565022421524664,0.9141575912876362,0.8853299167200512,True,Expand street trees and shade,14.824999729480018,50.20000077948149
Praha,2333,1503,34.85167,0.013100337499510928,0.11378543677983947,6,965.0,6.145167710139049e-05,0.10885422830189079,747.0,3.968218623481781,4.911305874260332,152.09804054659944,0.8084561178731582,0.7610506085842409,0.7847533632286996,True,Increase green space,14.834994444705663,50.06999589833688
Praha,2333,1510,35.5925,0.030022235276824807,0.520714676501917,4,4876.0,0.005038778785520364,0.6187154265735888,2235.0,5.653203579418345,3.450888345767882,647.6593201692459,0.8853299167200512,0.9352978859705318,0.9103139013452914,True,Increase green space,14.849993690592205,50.20000066616019
Praha,2334,1503,36.43167,0.03906994890381634,0.4015862756745177,6,5519.0,0.020184227918019024,0.44727558960638625,2616.0,6.423862332695985,4.911555003409339,532.6215420949399,0.9513132607303011,0.9461883408071748,0.948750800768738,True,Increase green space,14.864993224445184,50.06999589841652
Praha,2334,1505,35.000008,0.13892155665931577,0.13192718175551488,5,962.0,0.0,0.1441809374530939,649.0,3.44837962962963,4.181481197735786,155.2081593363195,0.8315182575272262,0.7604099935938501,0.7959641255605381,True,Expand street trees and shade,14.867059647132718,50.10912564526441
Praha,2335,1503,36.73666,0.020063282721986,0.15336375780174938,6,1274.0,8.302366131521137e-05,0.1755609127897162,976.0,3.4163636363636365,4.911803653602959,198.70501119971968,0.9628443305573351,0.8097373478539398,0.8862908392056374,True,Increase green space,14.894992004184722,50.06999589849621
Praha,2336,1505,34.75,0.15776950406862167,0.21749632201757985,3,1174.0,0.0,0.331619116489902,753.0,3.637163781624501,2.4550120558987523,306.71947137316,0.7911595131326074,0.7901985906470211,0.7906790518898142,True,Expand street trees and shade,14.924990797419655,50.10499222178172
Praha,2337,1506,35.178333,0.2423906420518205,0.17542167452702317,6,1130.0,0.0,0.15135109254942145,917.0,3.503060109289618,4.9072884844194835,186.86490572369075,0.8494554772581678,0.7837924407431134,0.8166239590006406,True,Expand street trees and shade,14.954997085981976,50.119998949427334
Praha,2337,1510,35.822,0.04370570848755089,0.22913811419137922,5,1359.0,0.0,0.256409164752247,1046.0,2.6627228682170543,4.178459466994663,250.3314937627792,0.9115951313260731,0.820627802690583,0.8661114670083281,True,Increase green space,14.962931647098701,50.1908692858691
Praha,2338,1507,37.396667,0.0036238677338977284,0.2934958564254338,6,2691.0,0.0,0.3169920834072674,1889.0,4.731334396597554,4.906378820341809,385.00899933943555,0.9814221652786675,0.9000640614990391,0.9407431133888533,True,Increase green space,14.984995865088681,50.13999559143182
Praha,2339,1504,38.071667,0.02563061227355051,0.16086926780775476,6,1334.0,0.0,0.18257019890805695,1066.0,3.4011350844277675,4.9121322112104,217.01370284113884,0.9923126201153107,0.8167841127482383,0.9045483664317745,True,Increase green space,15.004992616112691,50.07999803400518
Praha,2339,1510,36.078335,0.020547726912979253,0.1901900030280795,6,5132.0,0.0,0.256220272102776,1690.0,5.618857822724569,4.903730680983259,344.63556625445307,0.9279308135810378,0.9423446508648302,0.935137732222934,True,Increase green space,15.014994644309887,50.189998642636624
Praha,2340,1502,35.9925,0.00984327711416723,0.21184672706981647,4,1460.0,0.005000574407979506,0.2355168638338591,871.0,3.468175519630485,3.4580948834493728,251.87278815530846,0.923126201153107,0.8315182575272262,0.8773222293401666,True,Increase green space,15.029993995194841,50.04999914125988
Praha,2340,1504,38.069996,0.02935344791418712,0.24289320742487452,6,2117.0,0.002502625565935324,0.29911182697054367,1712.0,4.977024018746339,4.912378758174922,348.50732899025337,0.9916720051249199,0.8757206918641897,0.9336963484945549,True,Increase green space,15.034991395851584,50.079998034085214
Praha,2340,1505,38.11333,0.01538893288576837,0.18473653872410112,6,2555.0,0.0,0.2030281688578951,1159.0,5.368228176318064,4.911221009740578,235.99019423099043,0.9929532351057014,0.8920563741191544,0.9425048046124279,True,Increase green space,15.034991395884537,50.09999467778682
Praha,2340,1510,35.130005,0.09958210354548135,0.598015510058834,6,10011.0,0.04665318542298665,0.7801829805203851,4506.0,7.125177777777778,4.906088810912943,918.4505567809946,0.846252402306214,0.9660474055092889,0.9061499039077514,True,Targeted local cooling measures,15.045000943963293,50.18999864307125
Praha,2340,1511,34.656666,0.01811219331997793,0.15872197656167922,6,951.0,0.0,0.1613211905870249,970.0,3.303116615067079,4.904929529840281,197.76023164018548,0.7745035233824471,0.7572069186418963,0.7658552210121716,True,Increase green space,15.045000944112703,50.20999528677483
Praha,2341,1504,38.591663,0.011416942881730079,0.10790900456600007,6,1049.0,0.0,0.11571572533067859,793.0,2.5075285171102664,4.910510717274389,161.49033077361042,0.9955156950672646,0.7725816784112748,0.8840486867392696,True,Increase green space,15.064997695471682,50.07999803380943
Praha,2342,1508,34.856663,0.08600547861552625,0.130363774392991,6,1276.0,0.02333548418653462,0.1948334941866643,989.0,5.182880324543611,4.906707252943279,201.56083275739556,0.809096732863549,0.8103779628443306,0.8097373478539398,True,Expand street trees and shade,15.094996474784367,50.149997728717125
Praha,2343,1508,35.291668,0.11528721307033078,0.5529702246262542,6,11588.0,0.01493061905426328,0.7453173235510432,3925.0,6.90474840357599,4.906953697751384,799.8852733822687,0.8629083920563742,0.9673286354900704,0.9151185137732223,True,Targeted local cooling measures,15.124995253884546,50.149997728796784
Praha,2343,1514,36.88666,0.08560828209778433,0.18313542863784782,6,927.0,0.0,0.21101941803355273,955.0,2.8330210526315787,4.902772473903714,194.78774613409794,0.9679692504804612,0.7536835361947469,0.8608263933376041,True,Expand street trees and shade,15.134997279771943,50.259998338138494
Wien,2382,1430,39.278336,0.02050330791469308,0.11871271748879941,6,631.0,0.0,0.11826499658099547,785.0,2.915289575289575,4.998917445346747,157.0339995773923,0.8702076677316294,0.7897364217252396,0.8299720447284344,True,Increase green space,16.03499045838041,48.70000080138887
Wien,2383,1425,40.116673,0.010885856148422768,0.09435163136354739,6,571.0,0.0036402403844769597,0.10083118542544113,539.0,2.5327458256029685,5.0041344000789545,107.71093597955637,0.9512779552715654,0.7699680511182109,0.8606230031948882,True,Increase green space,16.054994731193517,48.60999683441466
Wien,2384,1426,38.809998,0.01716362531352285,0.18042301599699156,5,510.0,0.0,0.13897843490431697,419.0,3.0577339901477836,4.252235916222643,98.53639549994844,0.8073083067092651,0.751797124600639,0.779552715654952,True,Increase green space,16.087054006768398,48.620882084240066
Wien,2388,1415,39.671665,0.08902423505582113,0.2007848227937166,6,1539.0,0.0018717945091949902,0.23587263106448472,1172.0,2.7505887372013653,5.015589582981305,233.6714319642067,0.911741214057508,0.8949680511182109,0.9033546325878594,True,Expand street trees and shade,16.16499506602071,48.42000202586029
Wien,2388,1416,40.191998,0.08284280680188219,0.15001898531727467,5,509.0,0.0,0.18513811382145512,655.0,2.5005819295558958,4.261468721827423,153.70287634520517,0.9556709265175719,0.7511980830670927,0.8534345047923323,True,Expand street trees and shade,16.167051826500806,48.439114205975216
Wien,2389,1414,39.426003,0.108121745711992,0.11718109976349425,5,665.0,0.0,0.2275783686193705,239.0,5.25731914893617,4.263151306677269,56.06181503003663,0.8825878594249201,0.7963258785942492,0.8394568690095847,True,Expand street trees and shade,16.192936804500604,48.40088121512033
Wien,2390,1414,38.510002,0.06751536230547993,0.35352761854460846,5,3618.0,0.0,0.5457828958705938,1741.0,5.613154831199068,4.263411392510027,408.3584340602443,0.7643769968051118,0.9528753993610224,0.8586261980830672,True,Increase green space,16.217054700034137,48.39911428345719
Wien,2391,1415,40.130005,0.0014360443835713208,0.13049635721435357,5,599.0,0.0,0.13389651913086414,692.0,2.5,4.261626380039747,162.37932148184842,0.952076677316294,0.7789536741214057,0.8655151757188498,True,Increase green space,16.242937957083896,48.41911716312606
Wien,2393,1383,39.309998,0.0,0.30541695060935936,4,2048.0,0.0,0.944516481848231,734.0,5.814536784741144,3.523143348750223,208.33668328039346,0.8720047923322684,0.9157348242811502,0.8938698083067093,True,Increase green space,16.22999761608555,47.84000007539704
Wien,2393,1390,38.95334,0.06842863384866305,0.6119022842445231,3,1526.0,0.006182645279215593,0.6436488255925877,1033.0,4.527252427184465,2.520800171742277,409.790514765806,0.8238817891373802,0.8925718849840255,0.8582268370607029,True,Increase green space,16.244996908502568,47.96499284150943
Wien,2393,1414,38.51999,0.051713341983480716,0.263960378892034,2,595.0,0.0,0.36809429535462085,640.0,2.6180533751962325,1.7550195221515783,364.66830819943675,0.7651757188498403,0.7777555910543131,0.7714656549520766,True,Increase green space,16.299997327239318,48.39500057107643
Wien,2394,1391,38.459995,0.10819794657318156,0.28917865771528467,6,826.0,0.041204998472234,0.36886441412645726,889.0,4.029670828603859,5.040962479250308,176.35521066846186,0.7587859424920128,0.8222843450479234,0.7905351437699681,True,Expand street trees and shade,16.274995670614334,47.979999590075195
Wien,2394,1392,38.559998,0.1079801125045159,0.3408925801930976,6,5129.0,0.01883530351080591,0.4582550053726287,1947.0,5.4300316288877175,5.039846855506575,386.32126249485003,0.7735623003194888,0.9648562300319489,0.8692092651757188,True,Expand street trees and shade,16.274995670683268,47.99999623207422
Wien,2394,1393,39.740005,0.0574547573016895,0.44423379993548096,4,3473.0,0.0053638963631953635,0.5717351613374322,1509.0,5.71143899204244,3.520469003401138,428.6360705184876,0.9193290734824281,0.9512779552715654,0.9353035143769968,True,Increase green space,16.27999303819301,48.02000037901263
Wien,2394,1394,39.83,0.0014379970191293382,0.2257735135079741,2,777.0,0.0,0.31879290347900563,341.0,6.316880733944954,1.7600250604883456,193.74724124972653,0.9281150159744409,0.8150958466453674,0.8716054313099042,True,Increase green space,16.27999305476781,48.03499996140854
Wien,2394,1421,38.678,0.054154309880260876,0.13308425130223833,5,769.0,0.0,0.16607453017699222,660.0,3.1693778452200303,4.256713546880113,155.04919293517787,0.7879392971246006,0.8132987220447284,0.8006190095846646,True,Increase green space,16.342938077493663,48.520884970839724
Wien,2395,1387,39.2,0.05401616933721968,0.7725988178975034,6,678.0,0.0,0.8124894726113353,405.0,2.822838874680307,5.044997502963844,80.27754221128353,0.8582268370607029,0.8001198083067093,0.8291733226837061,True,Increase green space,16.29499994203288,47.90999989532277
Wien,2395,1389,38.600006,0.002215174190988358,0.10892472522525219,4,916.0,0.0,0.16166305060139358,493.0,3.818600405679513,3.5215233020729158,139.99623393370692,0.7783546325878594,0.8346645367412141,0.8065095846645367,True,Increase green space,16.297840662270318,47.942161377723885
Wien,2395,1390,38.87801,0.11299945318941987,0.2296705064565928,5,1535.0,0.010747272217651828,0.3644742177870995,985.0,2.7890992835209825,4.282279984518155,230.01765497844553,0.8150958466453674,0.8945686900958466,0.854832268370607,True,Expand street trees and shade,16.29705481187393,47.95910840519232
Wien,2395,1393,39.25,0.07710113136601998,0.4530433146349754,4,6310.0,0.010254014485345872,0.5898912634247424,2002.0,6.856629944917376,3.5196047446561036,568.8138712279219,0.8652156549520766,0.9708466453674122,0.9180311501597445,True,Targeted local cooling measures,16.30215325352538,48.01783989882636
Wien,2395,1394,39.037994,0.03476098909111112,0.3540633884732758,5,4421.0,0.005096192840341662,0.39185275431932265,1453.0,6.896308539944904,4.278174265821248,339.63085880071765,0.8386581469648562,0.9596645367412141,0.8991613418530351,True,Increase green space,16.307052843419388,48.030890505612824
Wien,2395,1395,39.262505,0.03582224573240962,0.5946589923186487,4,6096.0,0.01457048545083012,0.7098789287097527,2543.0,6.876275530636764,3.5175583484803035,722.9446530996868,0.8674121405750799,0.9696485623003195,0.9185303514376997,True,Increase green space,16.30999944679306,48.04999915795049
Wien,2395,1396,38.55,0.06285395101831272,0.6159977267195429,6,3784.0,0.042386001681506545,0.7814628586186586,1381.0,8.954120639534885,5.034034456611256,274.3326474824416,0.7711661341853036,0.9548722044728435,0.8630191693290735,True,Increase green space,16.314996728901782,48.069995926612236
Wien,2395,1398,38.617493,0.08571369038489912,0.47338838587954746,4,1493.0,0.04696483840896321,0.7226829259835259,976.0,7.4180840163934425,3.516040700143572,277.5849551343779,0.7811501597444089,0.8905750798722045,0.8358626198083068,True,Targeted local cooling measures,16.31215457761441,48.107839118570865
Wien,2395,1414,39.698334,0.009696638572738473,0.18638255525062827,6,1301.0,0.0,0.19709973264412303,1270.0,2.65184126984127,5.018572869752184,253.05998995342122,0.9133386581469649,0.8777955271565495,0.8955670926517572,True,Increase green space,16.354997501791168,48.38999561721821
Wien,2396,1395,39.125004,0.019822810528503033,0.20702211297964612,6,1383.0,0.009924660933087295,0.19874735942310004,824.0,6.374356796116505,5.037455402158696,163.57464914664894,0.8502396166134185,0.884185303514377,0.8672124600638977,True,Increase green space,16.334993515505133,48.04999928339403
Wien,2396,1396,39.03,0.05342249125760208,0.4577311158658201,4,1050.0,0.01040596585220235,0.4758770270324259,595.0,5.760657672849916,3.517100623057196,169.1734368073904,0.8368610223642172,0.8520367412140575,0.8444488817891374,True,Increase green space,16.33999822604465,48.0699958015199
Wien,2396,1413,38.844997,0.018476885649877456,0.18726096511019805,6,1003.0,0.0,0.18766593169214307,995.0,3.2714848484848487,5.0176697804666865,198.29921926577168,0.810702875399361,0.8462460063897763,0.8284744408945687,True,Increase green space,16.37499428784273,48.369998974907524
Wien,2396,1414,40.025,0.016836345129138282,0.2327100920276579,4,913.0,0.0,0.26285101060505706,970.0,2.859597523219814,3.5082919416512044,276.487822602204,0.9452875399361023,0.8338658146964856,0.8895766773162939,True,Increase green space,16.37999151191799,48.38999549355212
Wien,2397,1393,38.618,8.614466413267454e-05,0.08295230483336828,5,648.0,0.005932782434616854,0.05740589285744652,180.0,4.1112,4.280485680902843,42.051302917110625,0.7815495207667732,0.7935303514376997,0.7875399361022364,True,Increase green space,16.357052531776024,48.00911178192659
Wien,2397,1394,39.266,0.0013266316703601643,0.11941462979123404,5,781.0,0.011206652242819127,0.13992529547302499,511.0,4.175830039525692,4.279542599864703,119.4052841105391,0.8678115015974441,0.8162939297124601,0.8420527156549521,True,Increase green space,16.362936474810834,48.03088909361317
Wien,2397,1397,38.416656,0.03052489268189087,0.33343624566658575,3,1955.0,0.004783923904831201,0.3772114039252718,654.0,5.084039938556067,2.5178504536137924,259.7453709219839,0.7535942492012779,0.9137380191693291,0.8336661341853036,True,Increase green space,16.36499231205922,48.08500321697915
Wien,2397,1399,38.876663,0.0072048574338102285,0.2815154935897291,6,2159.0,0.0076491371744880935,0.20706199753777324,1453.0,4.337157676348547,5.0316446572494975,288.77237940611434,0.8146964856230032,0.9203274760383386,0.8675119808306709,True,Increase green space,16.374994287237485,48.119998977931886
Wien,2398,1394,38.968,0.032379404974583234,0.2375742874365554,5,2339.0,0.01690809684374431,0.3092299925266989,1083.0,3.803040665434381,4.279797320968483,253.04936630852555,0.8262779552715654,0.9273162939297125,0.876797124600639,True,Increase green space,16.387051372835526,48.02911617907672
Wien,2398,1399,38.4925,0.006790743927691148,0.297482653711589,4,2366.0,0.007437614024405751,0.3131104031614983,1442.0,4.892666666666666,3.51590562225968,410.1361512295724,0.7615814696485623,0.9281150159744409,0.8448482428115016,True,Increase green space,16.399995784443444,48.11999885303811
Wien,2398,1412,38.886005,0.001839825664072102,0.14728582944767485,5,590.0,0.0,0.11522645339048068,532.0,3.151615969581749,4.265503927238664,124.72148873260981,0.8158945686900958,0.7751597444089456,0.7955271565495208,True,Increase green space,16.427048424962702,48.3491091616631
Wien,2399,1388,38.55201,0.02262927205600687,0.17993499495316242,5,1262.0,0.0,0.16534492547578655,951.0,4.743453389830508,4.282162999243252,222.0840262661794,0.7727635782747604,0.8761980830670927,0.8244808306709266,True,Increase green space,16.40293796703309,47.920889805931765
Wien,2399,1389,38.643337,0.026949831761754833,0.25059493904285635,6,2263.0,0.013599280247473195,0.27303764918112017,1680.0,3.638786610878661,5.041874824919953,333.20938308433165,0.7843450479233227,0.9243210862619808,0.8543330670926518,True,Increase green space,16.404993065856683,47.93999867418091
Wien,2399,1400,39.033337,0.0702408864266915,0.29550638686253033,3,1601.0,0.0,0.31742748839974533,1034.0,2.545717054263566,2.5166542410295887,410.8629557221099,0.8378594249201278,0.9001597444089456,0.8690095846645367,True,Expand street trees and shade,16.424989871723522,48.134991009737185
Wien,2399,1411,39.41833,0.021426781655313046,0.30494960673619415,6,1059.0,0.0,0.30858037171646147,864.0,4.951171693735499,5.020448497648488,172.0961783403786,0.8813897763578274,0.8538338658146964,0.867611821086262,True,Increase green space,16.454996118242207,48.329998059251494
Wien,2399,1413,39.562004,0.049725607610620705,0.15564036588964697,5,939.0,0.0038887546256250434,0.16705792387532087,859.0,3.126881594372802,4.26373639398419,201.4664886909951,0.8989616613418531,0.8398562300319489,0.869408945686901,True,Increase green space,16.45705219349752,48.369114600666784
Wien,2399,1435,39.188,0.0024969516621226344,0.2537927210165107,5,1129.0,0.0,0.2751700117448411,1130.0,4.113941541186891,4.24865657939361,265.9664246530557,0.8578274760383386,0.8646166134185304,0.8612220447284344,True,Increase green space,16.507051804823856,48.75911592047401
Wien,2400,1400,38.954002,0.04380542113636374,0.36852439398282943,5,4956.0,0.00477239700414711,0.40047471456833234,1265.0,5.457806809184482,4.273652960606393,295.9997013469498,0.8242811501597445,0.9628594249201278,0.8935702875399361,True,Increase green space,16.457051982806107,48.13087967926089
Wien,2400,1407,38.592003,0.042497072318468145,0.5814171356756995,5,3764.0,0.0,0.7035186260046866,1521.0,9.595731225296442,4.270455145822201,356.1681244885569,0.7769568690095847,0.954073482428115,0.8655151757188498,True,Increase green space,16.47293625656663,48.26088316499136
Wien,2400,1409,38.839996,0.016672987890745193,0.48544154488878855,3,2540.0,0.0,0.545185972515572,1180.0,4.013811965811966,2.5123501399192634,469.6797557198458,0.8095047923322684,0.9325079872204473,0.8710063897763578,True,Increase green space,16.474992924263923,48.29499467116068
Wien,2400,1410,38.80834,0.0014865881156060138,0.11772057780195645,6,530.0,0.019755884707748927,0.17628723638438057,403.0,4.47211970074813,5.023860853286993,80.21718988023457,0.8067092651757188,0.7587859424920128,0.7827476038338659,True,Increase green space,16.474992907119386,48.31000141769353
Wien,2400,1411,39.519997,0.030039500145639587,0.1624838267557572,4,842.0,0.0,0.1861383912614844,504.0,3.2169660678642717,3.510308219735654,143.5771358100156,0.895367412140575,0.8248801916932907,0.8601238019169328,True,Increase green space,16.47999761514572,48.32999793557947
Wien,2400,1413,41.416004,0.0020617439752847913,0.12027322180102758,5,688.0,0.0,0.09448144587437156,637.0,3.1777952755905514,4.263871050308756,149.39476182185984,0.9928115015974441,0.8031150159744409,0.8979632587859425,True,Increase green space,16.482938823855243,48.369114544847626
Wien,2400,1414,39.809998,0.0,0.16401183740504177,4,615.0,0.0,0.15785317520423833,473.0,2.500171673819742,3.5087869888738212,134.80442144246945,0.9261182108626198,0.7845447284345048,0.8553314696485623,True,Increase green space,16.487843717536574,48.38214258841878
Wien,2400,1415,38.92251,0.06817560773582598,0.2447956543892685,4,861.0,0.0,0.33895432309464846,908.0,2.562703003337041,3.508383920014983,258.8086197807343,0.8202875399361023,0.8274760383386581,0.8238817891373802,True,Increase green space,16.489992121984205,48.39999763051409
Wien,2400,1416,39.5,0.04352628469319432,0.12359198821382836,5,591.0,0.0,0.1383081182408509,445.0,2.500386363636364,4.2627606239716,104.39244406489685,0.891573482428115,0.775758785942492,0.8336661341853036,True,Increase green space,16.4929373548061,48.42088710306505
Wien,2400,1417,38.79333,0.018409447421662565,0.12361663023958049,6,632.0,0.0,0.13414247033753202,528.0,3.028552380952381,5.0167169582379705,105.24811433361198,0.805111821086262,0.7903354632587859,0.797723642172524,True,Increase green space,16.494996887765087,48.439998668751976
Wien,2401,1409,38.98,0.0018317660933026448,0.08441841012067362,6,621.0,0.0,0.21932814010306975,389.0,2.500260416666667,5.025179848355196,77.41016475804831,0.8282747603833865,0.7871405750798722,0.8077076677316294,True,Increase green space,16.50499168691498,48.28999714555753
Wien,2401,1410,39.23166,0.007195204123205043,0.2508531910867379,6,2701.0,0.023347017237279846,0.2623048734607416,1535.0,4.085603392041748,5.024061219867638,305.5297164632163,0.8610223642172524,0.9373003194888179,0.8991613418530351,True,Increase green space,16.504991686889877,48.31000141777591
Wien,2401,1411,40.96667,0.012915837966872047,0.11326594574291987,6,955.0,0.013244470214179101,0.10983300240970534,474.0,2.5371489361702126,5.022942715757472,94.3669929806316,0.9848242811501597,0.84185303514377,0.9133386581469649,True,Increase green space,16.504991686812183,48.32999805976698
Wien,2401,1414,40.160004,0.03162866339051228,0.5521540695592274,6,5306.0,0.0,0.6518728047696791,2575.0,5.001564202334631,5.018055262994336,513.1469991949562,0.9536741214057508,0.9664536741214057,0.9600638977635783,True,Increase green space,16.51499367662931,48.379993482005645
Wien,2401,1416,39.493996,0.08877437473051664,0.15082845867115877,5,674.0,0.0,0.21405438008067246,646.0,3.6149765990639624,4.261940830714101,151.57413621149703,0.8905750798722045,0.7985223642172524,0.8445487220447285,True,Expand street trees and shade,16.51704991599807,48.41911798125448
Wien,2401,1417,39.72,0.11858244118251293,0.16574761947813862,4,602.0,0.0,0.21634346190203507,632.0,2.6765768621236132,3.5073655116440885,180.19222630256976,0.9169329073482428,0.7799520766773163,0.8484424920127795,True,Expand street trees and shade,16.5199909011258,48.43999854522103
Wien,2401,1418,39.059998,0.01672402280201586,0.1299562889427504,4,510.0,0.0,0.14329428012694598,573.0,2.8938286713286714,3.508039248593003,163.3391075170603,0.8416533546325878,0.751797124600639,0.7967252396166133,True,Increase green space,16.527847311369964,48.45214930555159
Wien,2402,1380,39.070007,0.04055331379864859,0.23013859894561572,2,553.0,0.0,0.28241891246331574,547.0,2.5265321100917433,2.0,273.5,0.8438498402555911,0.7651757188498403,0.8045127795527156,True,Increase green space,16.475000364461945,47.77000046392415
Wien,2402,1405,38.835,0.10003285075804286,0.45537319447698843,4,8555.0,0.009283602898830286,0.5929092782176295,3569.0,4.979194725028058,3.513514329100074,1015.7920718980354,0.8091054313099042,0.9760383386581469,0.8925718849840256,True,Targeted local cooling measures,16.51999090118751,48.21999732609018
Wien,2402,1406,39.091663,0.018057120919147282,0.20256936898553465,6,1871.0,0.019784205086615877,0.21889796510302892,2253.0,2.6328929690998657,5.028107166249657,448.0811417709814,0.8450479233226837,0.9101437699680511,0.8775958466453675,True,Increase green space,16.52499566504232,48.23999409446052
Wien,2402,1413,41.22,0.0010978298590449832,0.22831305676526348,4,1011.0,0.0,0.2458937948509468,1263.0,2.5736291600633914,3.5096705997899575,359.86283159325166,0.9904153354632588,0.847444089456869,0.9189297124600639,True,Increase green space,16.539995173548405,48.35999671477728
Wien,2403,1381,38.786003,0.09330190705810237,0.30744931427112804,5,1488.0,0.0,0.31791381135512975,1367.0,4.126104181951577,4.289110432062451,318.71410672507864,0.8047124600638977,0.889576677316294,0.8471445686900958,True,Expand street trees and shade,16.492939764835228,47.79088703112025
Wien,2403,1409,40.653324,0.04169100443569677,0.17696773116942802,6,1574.0,0.00011424303554343412,0.20784975333104364,855.0,4.450538641686183,5.0255123512265465,170.13190700672047,0.9768370607028753,0.8977635782747604,0.9373003194888179,True,Increase green space,16.554994739462746,48.28999714569492
Wien,2403,1410,40.192005,0.047634997876694084,0.20050173713362737,5,2136.0,0.008413065164846524,0.2217526462465504,1053.0,4.744268060836502,4.2678342115151064,246.72935915806784,0.9560702875399361,0.9197284345047924,0.9378993610223643,True,Increase green space,16.557053096130996,48.30911545039165
Wien,2403,1413,41.375004,0.007673054154816006,0.2134641024210674,6,1327.0,0.0,0.23766106754070804,1368.0,3.4459070796460174,5.019508382581359,272.5366501522775,0.9924121405750799,0.8785942492012779,0.9355031948881789,True,Increase green space,16.56499672796989,48.35999683848625
Wien,2403,1419,39.002495,0.06322052806367329,0.18930761996470738,4,1191.0,0.007143259530994954,0.22240825109286172,848.0,3.304427390791027,3.50887990380288,241.6725631107945,0.8314696485623003,0.8690095846645367,0.8502396166134185,True,Increase green space,16.579996088914744,48.469997324619214
Wien,2404,1380,39.51166,0.017789095594950215,0.21507335698195984,6,1058.0,0.009181244207288011,0.24409679276016794,846.0,3.0872630331753554,5.05203661773078,167.45721854644776,0.8937699680511182,0.8534345047923323,0.8736022364217253,True,Increase green space,16.51499367510175,47.770000507581166
Wien,2404,1407,39.566,0.009312381571358025,0.14880118512270454,5,599.0,0.0,0.1676760052241795,533.0,3.1764528301886794,4.271527774718276,124.77971070553403,0.9001597444089456,0.7789536741214057,0.8395567092651757,True,Increase green space,16.577054561083656,48.24910992112833
Wien,2404,1410,40.336,0.32068867172839954,0.425493271585907,5,4775.0,0.0,0.4612652535544819,2181.0,3.9017584940312218,4.269045965383768,510.88697982757327,0.9636581469648562,0.9608626198083067,0.9622603833865815,True,Expand street trees and shade,16.58293743654459,48.309116882404105
Wien,2404,1411,40.3375,0.06592605923500204,0.12416943812585249,4,1111.0,0.0,0.2516520221440392,576.0,3.0677522123893803,3.511877670628844,164.01482455306032,0.9640575079872205,0.8606230031948882,0.9123402555910542,True,Increase green space,16.58784196213797,48.322147537376914
Wien,2404,1413,40.265,0.025767995092498098,0.1873355333591579,6,988.0,0.0,0.21390511542017812,1042.0,3.4662367661212707,5.019708569134092,207.58177205888003,0.9612619808306709,0.8446485623003195,0.9029552715654952,True,Increase green space,16.594995507077105,48.35999683856878
Wien,2404,1418,38.721664,0.05391926698476646,0.2290811856260887,6,1224.0,0.0,0.2924028810079243,1125.0,2.540195903829029,5.016894811711837,224.24229373390705,0.7943290734824281,0.873202875399361,0.8337659744408945,True,Increase green space,16.604997495111544,48.45000080599811
Wien,2404,1419,39.336666,0.035054471269618755,0.09105952075514374,6,818.0,0.0,0.10122593753874591,571.0,3.2700350877192985,5.0157750942582435,113.84083003515175,0.8757987220447284,0.8206869009584664,0.8482428115015974,True,Increase green space,16.604997495180957,48.46999744798577
Wien,2404,1422,38.498333,0.22778791294346745,0.13665674011534595,6,677.0,0.0,0.11967408512753071,549.0,2.9603345724907064,5.013041148414412,109.5143613919157,0.7623801916932907,0.7993210862619808,0.7808506389776357,True,Expand street trees and shade,16.614992298644303,48.52000049916061
Wien,2404,1429,38.722504,0.0,0.2159850691194024,4,587.0,0.0,0.22191681997542864,765.0,3.165830065359477,3.5018535236053987,218.4557391801985,0.7947284345047924,0.7745607028753994,0.7846445686900958,True,Increase green space,16.629991511135152,48.64999762899286
Wien,2404,1430,38.972504,0.004010486154619084,0.40456351694936177,4,2166.0,0.0,0.4506686436610899,1799.0,4.647456872565386,3.5025214578045083,513.6299724849281,0.8274760383386581,0.920926517571885,0.8742012779552716,True,Increase green space,16.637852415741605,48.662147173382735
Wien,2404,1435,38.409996,0.07317070865573867,0.20673652281813293,4,533.0,0.0,0.23971217292238056,674.0,3.827964338781575,3.5000279610831404,192.56989015351175,0.7523961661341853,0.7593849840255591,0.7558905750798721,True,Expand street trees and shade,16.64784917009157,48.75214147474273
Wien,2405,1381,39.390003,1.457518087888676e-05,0.4213504094882133,3,1975.0,0.0,0.46104006052472757,1415.0,3.8776079263977357,2.526787794756507,559.9995389151213,0.8793929712460063,0.9145367412140575,0.8969648562300319,True,Increase green space,16.54499995129776,47.785000166520604
Wien,2405,1383,38.717506,0.0016912527790044595,0.23153801373466523,4,1110.0,0.0,0.26849155787300993,1012.0,2.883768545994065,3.5269207067003845,286.9358525915877,0.7931309904153354,0.860223642172524,0.8266773162939297,True,Increase green space,16.54999730994233,47.81999580390229
Wien,2405,1389,38.53667,0.04517583014467961,0.12962260360132774,6,628.0,0.0027459758492881215,0.12690175380411328,735.0,3.902714486638537,5.043475684782638,145.73283305750226,0.7675718849840255,0.7883386581469649,0.7779552715654952,True,Increase green space,16.56499672698493,47.929996539334766
Wien,2405,1390,38.540005,0.0,0.15709461732578409,6,952.0,0.0,0.15482820513035098,807.0,3.058130489335006,5.042363787460411,160.04398611755977,0.7687699680511182,0.8414536741214057,0.805111821086262,True,Increase green space,16.564996727033336,47.950000811555356
Wien,2405,1411,38.736664,0.3095389399283632,0.27757147000028665,6,1650.0,3.6154243016513e-05,0.3438832252821744,1413.0,4.5711743772241995,5.024233498138544,281.23692908052743,0.7975239616613419,0.9013578274760383,0.8494408945686901,True,Expand street trees and shade,16.614992298964445,48.31999592479288
Wien,2405,1414,38.77,0.0403561504103291,0.24545583697482543,5,1577.0,0.0,0.26513805341628627,1290.0,4.1635536547433905,4.264154651224272,302.5218608404906,0.8027156549520766,0.8981629392971247,0.8504392971246006,True,Increase green space,16.622938238701533,48.379109000002394
Wien,2405,1419,38.9075,0.0,0.1899011513638585,4,730.0,0.0,0.19581822739417185,783.0,2.8739024390243904,3.5081279316115004,223.19596527379764,0.8178913738019169,0.8083067092651757,0.8130990415335463,True,Increase green space,16.632145583933355,48.467846148523094
Wien,2405,1425,39.661995,0.006785732829259611,0.1977712331492304,5,677.0,0.0,0.22597292488717283,822.0,2.7149573690621196,4.257231797850164,193.0832144059192,0.9109424920127795,0.7993210862619808,0.8551317891373802,True,Increase green space,16.64705111006526,48.57087995004215
Wien,2405,1426,39.617508,0.03464536862390646,0.20789342831350788,4,1016.0,0.0,0.21818466539850867,815.0,2.76460024600246,3.5036029681454997,232.61768168651528,0.9069488817891374,0.8482428115015974,0.8775958466453674,True,Increase green space,16.64999578355257,48.59000007086761
Wien,2406,1383,38.453335,0.029519969929118248,0.14979796925170036,6,874.0,0.0262922677532626,0.1652140804710612,1194.0,2.640705882352941,5.051824990355969,236.3502303186213,0.7579872204472844,0.8294728434504792,0.7937300319488818,True,Increase green space,16.574998712804103,47.81999593071345
Wien,2406,1408,40.559998,0.018794535208589005,0.11831672389539562,6,867.0,0.0033863757524273835,0.23950367190926855,660.0,3.3421124620060794,5.0271581787837505,131.28689739372348,0.9740415335463258,0.8284744408945687,0.9012579872204473,True,Increase green space,16.63499627239533,48.27000050226066
Wien,2406,1415,39.707497,0.01116670470217557,0.12378015824836897,4,515.0,0.0,0.10768938099678212,625.0,3.605416666666667,3.5091991400593834,178.10331504567267,0.9145367412140575,0.7533945686900958,0.8339656549520766,True,Increase green space,16.649995783556392,48.38999549407114
Wien,2406,1421,38.703335,0.04503063483028564,0.15126087040809486,6,617.0,0.016256379904021363,0.17574892816410145,789.0,2.5186866059817943,5.014496189216401,157.34382283443205,0.7919329073482428,0.7851437699680511,0.788538338658147,True,Increase green space,16.664995052260558,48.4999962270817
Wien,2407,1410,39.001667,0.34103746818920805,0.22384073142617475,6,2092.0,0.0,0.24568956144731113,1387.0,2.5564569775849604,5.0256805563598395,275.982523052484,0.8310702875399361,0.9165335463258786,0.8738019169329073,True,Expand street trees and shade,16.664995051024714,48.299999281275866
Wien,2407,1429,40.238007,0.017098170564746787,0.20961529951865215,5,1061.0,0.0,0.22829670678782404,1150.0,2.5123406113537117,4.254624529362231,270.294121623086,0.9604632587859425,0.854632587859425,0.9075479233226837,True,Increase green space,16.712937819794575,48.64088054343538
Wien,2408,1384,38.45334,0.14301304482178548,0.14330998951160376,3,626.0,0.0006437020026027653,0.17946956424352087,512.0,2.5048707753479125,2.5256879211659737,202.71704817895207,0.7583865814696485,0.7879392971246006,0.7731629392971247,True,Expand street trees and shade,16.634996287166206,47.83500321807192
Wien,2408,1385,39.43834,0.048247667640276354,0.15292611156766858,6,1050.0,0.006695776612943029,0.1712537462467517,1007.0,3.8154334677419355,5.050543578441765,199.38447898922752,0.8829872204472844,0.8520367412140575,0.8675119808306709,True,Increase green space,16.63499626986253,47.8499947098161
Wien,2408,1406,39.786663,0.14160645414558895,0.23011461769942446,6,1937.0,0.0,0.25636577066259314,1006.0,2.7722487562189055,5.029718962488319,200.01117507812174,0.922923322683706,0.9129392971246006,0.9179313099041533,True,Expand street trees and shade,16.684999322538278,48.22999958818578
Wien,2408,1410,39.540005,0.2908732755389744,0.16635387490896578,6,1555.0,0.0,0.16805943022375516,1028.0,2.820146771037182,5.025878106383329,204.5413713266036,0.8973642172523961,0.8959664536741214,0.8966653354632588,True,Expand street trees and shade,16.694994131254248,48.2999992813586
Wien,2408,1411,39.248337,0.08747695701975083,0.13002763766656086,6,1244.0,0.0,0.13495656625588826,829.0,3.0720944309927365,5.024761476832548,164.9829556730672,0.8642172523961661,0.8746006389776357,0.869408945686901,True,Expand street trees and shade,16.69499413128087,48.31999592501289
Wien,2408,1412,40.103333,0.02585696385800157,0.0888760130884229,3,548.0,0.0,0.16906661702338022,165.0,2.7029268292682924,2.5119616411846577,65.68571641173028,0.9500798722044729,0.7633785942492013,0.856729233226837,True,Increase green space,16.694994148981277,48.335003215926164
Wien,2408,1414,40.211674,0.06457453811663433,0.21800871479532938,6,906.0,0.0,0.2378725829338165,848.0,3.0927122641509435,5.019880176660767,168.9283349715513,0.9568690095846646,0.8330670926517572,0.8949680511182109,True,Increase green space,16.704996116812254,48.369998975812315
Wien,2408,1415,40.22833,0.037549098761363406,0.11235292721113434,6,548.0,0.0,0.09487016930239096,525.0,2.553057692307692,5.01876331860142,104.60744344212308,0.9580670926517572,0.7633785942492013,0.8607228434504792,True,Increase green space,16.704996116805948,48.38999561780349
Wien,2409,1384,38.726665,0.030508288517115765,0.26468579189321123,3,1534.0,0.0,0.30361168499398516,1216.0,3.6732537067545303,2.762340305776876,440.20644286910704,0.7955271565495208,0.8941693290734825,0.8448482428115016,True,Increase green space,16.654562415404513,47.831379567945135
Wien,2409,1408,39.703335,0.07149799541859954,0.163391246778209,6,1095.0,0.0,0.19026242706606766,736.0,2.885082191780822,5.028241623871328,146.37323642242578,0.9137380191693291,0.8586261980830671,0.8861821086261981,True,Expand street trees and shade,16.714998101168423,48.25999836720183
Wien,2409,1412,40.36499,0.018201941936200994,0.3307612919278353,4,2966.0,0.0,0.3825104540025315,958.0,4.7800521920668055,3.512060314002916,272.7743587376229,0.9648562300319489,0.9432907348242812,0.954073482428115,True,Increase green space,16.727841205859864,48.33215310620788
Wien,2409,1413,40.156673,0.07514472834892644,0.2821378969267681,6,3518.0,0.0,0.2874119646398727,1148.0,5.371001757469244,5.023283300225525,228.53578653397062,0.9532747603833865,0.952076677316294,0.9526757188498403,True,Expand street trees and shade,16.724992911009,48.34999470402812
Wien,2409,1415,40.028004,0.06526553402027611,0.23307418435451202,5,1066.0,0.0,0.21589809938062113,1060.0,2.682130681818182,4.2641432049728465,248.5845219184542,0.9458865814696485,0.8564297124600639,0.9011581469648562,True,Increase green space,16.732938148293094,48.390881455534114
Wien,2409,1421,39.847504,0.05574005234948727,0.1765824814668581,4,560.0,0.0,0.19599162322371538,585.0,2.5,3.5076543683984855,166.7781196660769,0.930111821086262,0.7667731629392971,0.8484424920127795,True,Increase green space,16.7421458076243,48.49784531282249
Wien,2409,1424,39.731663,0.012871357153297373,0.29053689233019503,6,2581.0,0.0,0.3545988123725738,1556.0,4.308330109606706,5.012296148936689,310.43656515189963,0.9181309904153354,0.9329073482428115,0.9255191693290734,True,Increase green space,16.754991690439002,48.5499992784764
Wien,2409,1428,39.84667,0.042870682367689934,0.11950762217913162,6,643.0,0.0,0.1220079933930286,825.0,2.5,5.0062979789633815,164.7924281508363,0.9297124600638977,0.7919329073482428,0.8608226837060703,True,Increase green space,16.764993675626304,48.619998972932336
Wien,2410,1408,39.802002,0.08813791317710977,0.20637704500975565,5,1380.0,0.01691834074608302,0.3253319946119028,957.0,2.585115546218487,4.2707110822564065,224.0844631181125,0.9253194888178914,0.8837859424920128,0.9045527156549521,True,Expand street trees and shade,16.742938079494888,48.2608848967739
Wien,2410,1413,39.941666,0.17683796377673047,0.21007286258497515,6,1268.0,0.0,0.21614489372588797,1242.0,2.8614262560777957,5.023480393500066,247.23894644976357,0.9373003194888179,0.8769968051118211,0.9071485623003195,True,Expand street trees and shade,16.75499169077831,48.34999470411067
Wien,2410,1415,40.22,0.0370590222709734,0.1320780892699605,4,618.0,0.0,0.12075908310436621,709.0,2.5122457627118644,3.510762809959273,201.9504131662557,0.9572683706070287,0.7855431309904153,0.8714057507987221,True,Increase green space,16.754993816352403,48.387842088518106
Wien,2410,1424,39.465996,0.05268507707758226,0.16914326193161647,5,525.0,0.0,0.17325334789467198,604.0,2.845074875207987,4.25982972655632,141.7897049345863,0.8865814696485623,0.757388178913738,0.8219848242811502,True,Increase green space,16.782932843264618,48.550883483915655
Wien,2410,1427,39.569996,0.010022994803038572,0.22330222025898724,6,1004.0,0.0,0.23779655049654558,976.0,3.021539256198347,5.009695684845927,194.82221304426733,0.9005591054313099,0.8466453674121406,0.8736022364217253,True,Increase green space,16.7849904701868,48.599994701147565
Wien,2410,1429,38.911663,0.016607116661247034,0.14251031863931143,6,746.0,0.0,0.13998901446282966,917.0,3.8147864184008764,5.0075208093320445,183.1245510335321,0.8182907348242812,0.8103035143769968,0.814297124600639,True,Increase green space,16.794999932270567,48.63999561537558
Wien,2411,1416,41.678333,0.030441835657459698,0.11453922552577163,6,594.0,0.0,0.11462695682935155,723.0,2.5,5.02088439144839,143.99853564272846,0.9956070287539937,0.7769568690095847,0.8862819488817892,True,Increase green space,16.784990470475815,48.399997755343335
Wien,2411,1427,39.58833,0.011701162255218238,0.2382062410901579,6,1066.0,0.0,0.2332965491291417,970.0,2.584873949579832,5.007751970459465,193.699689146346,0.9041533546325878,0.8564297124600639,0.8802915335463259,True,Increase green space,16.814996727021043,48.599994700852825
Wien,2412,1415,41.043995,0.013474381618089743,0.13816626439524374,5,931.0,0.0,0.14406254635925744,497.0,2.967606490872211,4.264957333566216,116.53106024965203,0.9868210862619808,0.8378594249201278,0.9123402555910542,True,Increase green space,16.81294005422648,48.38087811894867
Wien,2412,1420,39.175003,0.07405316874504635,0.13569866263631755,6,533.0,0.0,0.14852329936751454,634.0,2.5,5.017235252428437,126.36441548024523,0.856629392971246,0.7593849840255591,0.8080071884984026,True,Expand street trees and shade,16.824998709656487,48.46999744859216
Wien,2413,1415,39.604996,0.10735476387772877,0.15333517391681323,4,1155.0,0.049732584068124884,0.2092108915840129,515.0,2.8064624505928855,3.5111647362909033,146.67497502382406,0.9057507987220448,0.8666134185303515,0.8861821086261981,True,Expand street trees and shade,16.83499495006606,48.37999197005234
Wien,2413,1420,39.836,0.11308950796507063,0.25883844168871983,5,1555.0,0.0002337522060887858,0.2832691830800048,1010.0,3.138169154228856,4.262459320270578,236.95240801403963,0.9285143769968051,0.8959664536741214,0.9122404153354633,True,Expand street trees and shade,16.85293792876737,48.47088381771718
Wien,2413,1425,40.111668,0.0036466885981921234,0.2181690064822922,6,1082.0,0.003746959764897794,0.23201458566275523,1435.0,2.816213389121339,5.012465287622057,286.2862718558142,0.950479233226837,0.8578274760383386,0.9041533546325878,True,Increase green space,16.86499230254854,48.560001415723114
Wien,2414,1428,39.52167,0.023774257108395383,0.29824768390977374,6,2447.0,0.0,0.3273486639955259,2103.0,3.6546809523809523,5.009865389108535,419.77175765479234,0.8957667731629393,0.9313099041533547,0.913538338658147,True,Increase green space,16.8949910821815,48.60999683672176
Wien,2414,1430,38.948334,0.08940990866713994,0.17298647583518614,6,929.0,0.001933540456316829,0.19146340062878223,1001.0,3.1169919517102613,5.005551903118694,199.97794836096494,0.8226837060702875,0.8374600638977636,0.8300718849840256,True,Expand street trees and shade,16.904993064463813,48.64999775224656
Wien,2415,1408,39.615005,0.0508974249881535,0.15880891873728165,6,582.0,0.011513135629537924,0.15779211213158825,805.0,2.5,5.027684077409089,160.11348119845266,0.9065495207667732,0.7721645367412141,0.8393570287539937,True,Increase green space,16.87499428434488,48.24999623032522
Wien,2416,1400,38.693333,0.05695788808386085,0.07993107600573736,6,506.0,0.0,0.047952936122218515,279.0,2.5256159420289856,5.037695408830375,55.382467052484365,0.7907348242811502,0.75,0.770367412140575,True,Increase green space,16.88499626428903,48.1099968427821
Wien,2416,1408,38.51167,0.2174609450110151,0.1797067262375079,6,1379.0,0.0,0.1702831506211604,855.0,2.5657900943396226,5.027878057464518,170.0518569122107,0.764776357827476,0.8831869009584664,0.8239816293929711,True,Expand street trees and shade,16.90499306345321,48.24999623040809
Wien,2419,1377,40.860004,0.0,0.23200551866626906,3,619.0,0.0,0.22573014677316547,0.0,,2.5293267518185543,0.0,0.9828274760383386,0.7861421725239617,0.8844848242811502,True,Increase green space,16.904993080231474,47.69500382859795
Wien,2419,1378,39.710007,0.014055102777126561,0.2595051579895885,4,711.0,0.003184495588283918,0.2751940164894299,0.0,,3.5289281437556985,0.0,0.9153354632587859,0.8067092651757188,0.8610223642172523,True,Increase green space,16.909990289853422,47.709995194815455
Wien,2419,1398,39.513996,0.00399782731570311,0.1740028934020859,5,842.0,0.007796368458652716,0.18743690031550664,805.0,2.804047322540473,4.278729762069879,188.1399491821547,0.8945686900958466,0.8248801916932907,0.8597244408945687,True,Increase green space,16.957050824727787,48.069108814372356
Wien,2420,1379,39.380005,0.003398311888142222,0.5861786743173619,2,1051.0,0.0,0.6238607375750614,901.0,3.712046979865772,1.7653899557426833,510.3688264845472,0.8789936102236422,0.8528354632587859,0.865914536741214,True,Increase green space,16.939996716599104,47.72500240344833
Wien,2420,1382,40.79334,0.012000416240261066,0.19821483822776578,6,1120.0,0.003977464810623807,0.20369401592685998,1067.0,2.660517890772128,5.056375906577209,211.02070330888031,0.981629392971246,0.8626198083067093,0.9221246006389776,True,Increase green space,16.944994136035806,47.78000264608305
Wien,2420,1395,38.978333,0.05951658245303156,0.17031631694350471,6,1232.0,0.001870269312611407,0.21269146673883352,1000.0,3.2630722891566264,5.043820662057017,198.26240205617674,0.8278753993610224,0.8738019169329073,0.8508386581469649,True,Increase green space,16.9749929154672,48.00999837094069
Wien,2420,1400,40.315002,0.11899332086017783,0.2200443330249189,4,716.0,0.0,0.2752746600363758,672.0,2.581111111111111,3.518380197705288,190.9969822017197,0.9624600638977636,0.8071086261980831,0.8847843450479234,True,Expand street trees and shade,16.989992120554252,48.099994581855036
Wien,2420,1402,38.53333,0.13797919331649106,0.12721171562669578,6,867.0,0.0,0.13591688072218253,612.0,2.6508196721311474,5.0367281409565985,121.50745143925242,0.7671725239616614,0.8284744408945687,0.797823482428115,True,Expand street trees and shade,16.994996871702828,48.13999562202046
Wien,2421,1394,39.710003,0.012855767973015691,0.225958495929878,5,1533.0,0.003695944124700956,0.2666568906098526,1377.0,3.110588662790698,4.284302639994509,321.4058659501619,0.9149361022364217,0.8937699680511182,0.90435303514377,True,Increase green space,17.0029363052469,47.99088141974035
Wien,2422,1381,38.90333,0.006759506808469034,0.22425910747720987,6,1109.0,0.004167705788577281,0.23586406045622674,1244.0,3.3174656981436645,5.057791434942929,245.95715659715358,0.8174920127795527,0.8598242811501597,0.8386581469648562,True,Increase green space,16.994996869349013,47.75999837400043
Wien,2422,1397,39.684,0.012561989853052643,0.2015029610564286,5,923.0,0.004257318757945644,0.22071617135219673,858.0,2.5124854142357056,4.281298620087001,200.40648320451996,0.9125399361022364,0.8354632587859425,0.8740015974440895,True,Increase green space,17.037048294242467,48.040885576892315
Wien,2422,1400,41.455,0.059018174214033485,0.16957817486483062,6,1754.0,0.026224123185055626,0.2048979956581988,1149.0,2.612342657342657,5.039266339794924,228.0093812320226,0.9936102236421726,0.9061501597444089,0.9498801916932907,True,Increase green space,17.044999921842344,48.09999470793899
Wien,2423,1400,39.089996,0.007996615770552966,0.3460964481780974,3,1361.0,0.0,0.40880193116101204,1068.0,3.909315196998124,2.7593859560340532,387.042630866684,0.8446485623003195,0.8817891373801917,0.8632188498402555,True,Increase green space,17.06818317837544,48.09861951147045
Wien,2424,1391,38.569996,0.0,0.16801883289406017,6,895.0,0.0,0.17056692331419573,1161.0,2.7349525452976704,5.048880369324265,229.95197253116666,0.7751597444089456,0.8322683706070287,0.8037140575079872,True,Increase green space,17.074998699201604,47.929996541126265
